2026-10-07 00:49:31	qwen3-1.7b	cpu	1	session-75cdf64a	litert-cli-benchmark-e8f06c5c	0
2026-10-07 00:54:57	qwen3-1.7b	gpu	1	session-83804732	litert-cli-benchmark-f3c6f293	1
2026-10-07 01:00:56	qwen3-0.6b	cpu	1	session-a7c5ae10	litert-cli-benchmark-d476f8a3	0
2026-10-07 01:08:14	gemma-4-e2b	cpu	1	session-aecaca6b	litert-cli-benchmark-50f79a37	0
2026-10-07 01:17:19	gemma-4-e2b	gpu	1	session-0d1cde8d	litert-cli-benchmark-bba42d58	0
2026-10-07 01:32:40	qwen3-4b	cpu	1	session-fb63c76d	litert-cli-benchmark-7ca7182c	0
2026-10-07 01:43:04	qwen3-4b	gpu	1	session-981d881c	litert-cli-benchmark-0a763437	0
2026-10-07 01:53:46	gemma-4-e4b	cpu	1	session-565fe3f9	litert-cli-benchmark-552904db	0
2026-10-07 02:01:14	gemma-4-e4b	gpu	1	session-e06d4f0b	litert-cli-benchmark-879e327f	0
2026-10-07 02:09:05	qwen3-1.7b-int8file	gpu	2	session-965ba2f4	litert-cli-benchmark-b6024ada	0
2026-10-07 02:49:53	gemma-4-e2b-n2048	cpu	1	session-52983393	litert-cli-benchmark-c4e68ddc	0
2026-10-07 03:03:00	gemma-4-e4b-n2048	cpu	1	session-e0cf5e62	litert-cli-benchmark-04678224	0
