cycle,kind,footprintMB
0,start,4.016
0,engine,515.987
1,bare,516.143
2,bare,516.143
3,bare,516.143
4,bare,516.143
5,bare,516.159
6,bare,516.159
7,bare,516.159
8,bare,516.159
9,bare,516.159
10,bare,516.159
11,bare,516.159
12,bare,516.159
13,bare,516.159
14,bare,516.159
15,bare,516.159
16,bare,516.159
17,bare,516.190
18,bare,516.393
19,bare,516.409
20,bare,516.409
21,bare,516.409
22,bare,516.409
23,bare,516.409
24,bare,516.409
25,bare,516.409
26,bare,516.409
27,bare,516.409
28,bare,516.409
29,bare,516.409
30,bare,516.409
31,bare,516.409
32,bare,516.409
33,bare,516.409
34,bare,516.440
35,bare,516.440
36,bare,516.440
37,bare,516.440
38,bare,516.440
39,bare,516.440
40,bare,516.440
41,bare,516.440
42,bare,516.440
43,bare,516.440
44,bare,516.440
45,bare,516.440
46,bare,516.440
47,bare,516.440
48,bare,516.440
49,bare,516.440
50,bare,516.456
50,bare-settle5s,360.081
1,gen,672.768
2,gen,669.315
3,gen,673.737
4,gen,670.893
5,gen,670.909
6,gen,675.331
7,gen,675.346
8,gen,675.346
9,gen,675.362
10,gen,675.409
11,gen,672.034
12,gen,676.424
13,gen,676.471
14,gen,676.471
15,gen,676.471
16,gen,676.471
17,gen,672.081
18,gen,676.487
19,gen,676.487
20,gen,676.487
21,gen,676.487
22,gen,676.487
23,gen,676.487
24,gen,676.112
25,gen,676.112
26,gen,676.112
27,gen,676.112
28,gen,676.112
29,gen,676.112
30,gen,671.721
30,gen-settle5s,490.565
