epoch	devtime	battery	sys-therm-0	ac	ddr	cpu-0-0-0	cpu-0-0-1	cpu-0-1-0	cpu-0-1-1	cpu-0-2-0	cpu-0-2-1	cpu-0-3-0	cpu-0-3-1	cpu-0-4-0	cpu-0-4-1	cpu-0-5-0	cpu-0-5-1	cpu-1-0-0	cpu-1-0-1	cpu-1-1-0	cpu-1-1-1	gpuss-0	gpuss-1	gpuss-2	gpuss-3	gpuss-4	gpuss-5	gpuss-6	gpuss-7	gpuss-8	gpuss-9	gpuss-10	gpu_mhz	gpu_busy	cpu0_khz	cpu2_khz	cpu6_khz	cpu7_khz
1791392443	02:00:43	29000	33871	30900	36000	37800	37400	37400	37400	37000	37000	36600	37400	38200	37800	37000	37000	35200	35600	36000	35600	34900	35200	35600	35600	35200	35600	36000	35600	36000	36000	36000	222	2	2112000	2112000	883200	883200
1791392444	02:00:44	29000	34033	30900	35200	36600	36300	36300	36300	35900	36300	36300	36600	36300	38200	37400	37000	34500	35200	35200	34900	34500	34900	34900	34900	34900	35200	35200	34900	35200	35200	35200	222	0	2112000	2112000	883200	883200
1791392445	02:00:45	29000	34126	30900	34900	35900	35500	35500	36300	35100	35100	35100	35500	35900	35500	35100	35100	34500	34500	34500	34100	34500	34500	34900	34900	34900	35200	34900	34500	35200	35200	34900	222	0	1324800	1555200	883200	883200
1791392447	02:00:47	29000	34066	30900	35600	41700	44400	40900	42000	39300	39700	39300	39300	40900	42800	41700	43600	34900	35200	37200	36800	34500	34900	35200	34900	34900	35200	35600	35600	36000	35600	35600	222	0	2745600	2745600	883200	883200
1791392448	02:00:48	29000	33918	30900	45300	38600	39700	39000	39000	40100	40100	40500	40500	40100	39700	42800	45900	39500	39500	36800	36800	39100	39900	39900	39900	39900	40300	39900	40300	40300	40300	39900	1300	4	3628800	3628800	883200	883200
1791392449	02:00:49	29400	33805	31900	38000	47500	47100	51700	51700	44000	44400	47100	49000	49000	47800	53600	59000	37600	38000	40700	39900	36400	36800	37200	37200	37200	37600	39100	39100	38700	38000	37600	1300	0	3628800	3628800	883200	883200
1791392450	02:00:50	29400	33765	31900	38700	46300	51300	49000	50200	44800	45100	46700	49000	47800	48200	54000	60200	38400	38700	42600	41800	36800	36400	37600	37200	37200	37200	39100	39100	38700	38400	38000	1300	0	3628800	3628800	883200	883200
1791392452	02:00:52	29400	33760	31900	39100	52900	59400	48600	52900	45500	46300	44400	45100	50900	51700	48600	49000	38400	39100	44600	43800	36800	37200	37600	37200	37200	37600	39500	39100	39100	38400	38400	1300	0	3628800	3628800	883200	883200
1791392453	02:00:53	29400	33798	31900	39100	52900	58300	48600	48200	45500	46700	45100	45500	50900	52100	49000	53600	38700	39500	44900	44200	37200	37200	38000	37600	37200	37600	39500	39500	39100	38700	38700	1300	0	3628800	3628800	883200	883200
1791392454	02:00:54	29400	33894	31900	43400	50500	50900	52900	53200	47500	47500	47800	49000	49800	50900	50500	51300	41500	41500	41500	41500	48000	51200	49200	51200	52700	51200	50800	51900	51500	50800	51200	1300	74	2227200	2112000	883200	883200
1791392455	02:00:55	29400	34053	31900	57400	45900	47100	47100	47500	50200	49000	49400	49400	49000	48200	49000	49400	47700	47300	43400	44200	57000	60100	58100	60100	61200	59700	57700	60100	58100	58100	58900	1300	90	2227200	2227200	883200	883200
1791392456	02:00:56	29400	34369	31900	59700	47500	50200	49000	49400	51700	51300	51700	50900	50500	50500	50900	50500	50000	49600	44900	45300	58500	62800	60800	62000	63600	62000	60100	60800	60800	60500	61200	1300	95	2112000	2112000	883200	883200
1791392458	02:00:58	29400	34851	31900	61600	49800	50200	49800	50500	53600	52900	52900	52500	52100	52100	52900	52100	51900	51200	46500	47300	60500	64300	62400	63600	65500	63600	61200	62000	62400	62400	62800	1300	95	2112000	2112000	883200	883200
1791392459	02:00:59	29900	35456	37000	63200	50200	51300	50900	51700	54800	54000	54000	53600	54000	53200	53200	52900	53100	52300	47700	48000	61600	65500	64000	66300	66700	65100	63200	64000	63600	64000	64300	1300	95	2112000	2112000	883200	883200
1791392460	02:01:00	29900	36064	37000	44900	44400	44800	44000	44000	44800	44800	44800	44400	45100	44400	44800	44400	44200	44600	43000	43000	43800	43800	44200	43800	43400	44200	44200	43800	43800	44200	43800	222	0	1555200	1324800	883200	883200
1791392461	02:01:01	29900	36595	37000	41100	40500	42000	40900	41300	40900	41300	41300	41300	41700	41700	41300	41700	40300	41100	40300	39900	40300	40300	40700	40300	40700	41100	40700	40700	41100	41100	41100	222	0	1555200	1555200	883200	883200
1791392463	02:01:03	29900	36784	37000	39100	39700	40100	39700	39700	40100	39700	39700	39300	39700	40100	40500	39700	39100	39100	38700	38700	38700	38700	39100	38700	38700	39100	39500	39100	39500	39500	39100	222	0	1228800	1555200	883200	883200
1791392464	02:01:04	29900	36718	37000	38400	38600	40100	38600	38600	39000	39300	38600	38600	39300	39000	39300	38600	38000	38400	38000	37200	38000	38000	38400	38400	37600	38400	38400	38000	38400	38700	38400	222	0	1113600	883200	883200	883200
1791392466	02:01:06	29900	36537	37000	38000	37400	39300	38200	38600	37800	38200	38200	38200	38200	39000	38200	38200	37600	37600	37200	37200	37600	37200	37200	37200	37200	37600	38000	37600	38000	38000	37600	222	0	1555200	1900800	883200	883200
1791392467	02:01:07	29900	36278	37000	37200	37400	37800	38200	37800	37400	37800	37800	37400	37400	37800	38600	38200	36800	37200	36400	36400	36800	36800	37200	36800	37200	37200	37200	36800	37600	37200	37200	222	0	1324800	1555200	883200	883200
1791392468	02:01:08	29900	36019	37000	36800	37000	38200	37800	38200	37000	37000	37000	37000	37400	37400	37400	37000	36400	36400	36000	36000	36400	36400	36800	36800	36400	36800	37200	36800	37200	37200	36800	222	0	1900800	1670400	883200	883200
1791392470	02:01:10	30700	35759	33900	36400	36600	37000	37400	38600	36600	37000	37000	36600	37400	37400	37000	37000	36000	36400	36800	36400	36000	36000	36400	36000	36000	36400	36400	36400	36800	36800	36800	222	0	1440000	1440000	883200	883200
1791392471	02:01:11	30700	35529	33900	36400	35900	36300	36600	37000	36300	36600	36600	37000	37000	36600	36600	36300	35600	36000	35600	35200	36000	35600	36400	35600	36000	36400	36400	36000	36400	36400	36000	222	0	1228800	1228800	883200	883200
1791392472	02:01:12	30700	35307	33900	36000	35900	37000	36600	37400	35900	36300	36300	35900	36600	36300	35900	36300	35600	35600	36000	35200	36000	35600	35600	35600	35600	35600	35600	35600	36000	36000	36000	222	0	1440000	1440000	883200	883200
1791392474	02:01:14	30700	35089	33900	35200	36300	37800	36300	37000	35900	36300	36300	36300	36300	36300	36300	36300	35200	35600	35200	34900	35200	35200	36000	35600	35200	35600	35600	35200	36000	36000	35600	222	0	1113600	1228800	883200	883200
1791392475	02:01:15	30700	34915	33900	35600	35500	37000	35900	36300	35900	35900	35900	35900	35900	36300	35500	35900	35200	35200	35200	34900	35200	35200	35600	35200	35200	35600	35600	35200	35600	35600	35600	222	0	998400	1113600	883200	883200
1791392477	02:01:17	30700	34743	33900	35200	36300	36300	35900	35900	35500	35900	35900	35900	36300	36300	35900	36600	35200	34900	34900	34900	35200	35200	35600	34900	35200	35600	35200	35200	35600	36000	35200	222	0	1555200	1555200	883200	883200
1791392478	02:01:18	30700	34604	33900	35200	35100	36300	35500	35500	35500	35900	35500	35500	35900	35900	35500	37000	34900	35200	34900	34500	35200	34900	35200	34900	35200	35200	34900	34900	35600	35600	35600	222	0	1555200	1555200	883200	883200
1791392479	02:01:19	30700	34461	32300	34900	35500	36300	35500	35500	35500	35900	35500	35500	35900	37400	35500	35900	34500	34900	35200	34900	34900	34500	35200	34900	34900	35200	35200	34900	35200	35600	34900	222	0	1555200	1900800	883200	883200
1791392481	02:01:21	30700	34343	32300	34900	35500	37000	36300	35500	35500	35500	35500	35100	35900	35900	35500	35500	34900	34900	34100	34100	34500	34900	34900	34900	34900	34900	35200	34500	35200	35200	35200	222	0	1670400	1670400	883200	883200
1791392482	02:01:22	30700	34221	32300	34900	35500	36600	35100	36300	35100	35500	35100	35500	35100	35500	36600	35900	34500	34900	34500	34500	34900	34500	34500	34900	34900	34900	35200	34500	34900	35200	34900	222	0	1228800	1228800	883200	883200
1791392484	02:01:24	30700	34126	32300	34900	35900	35900	35100	35100	35100	35500	35500	35500	35500	35500	35100	35500	34100	34500	34500	34100	34500	34100	34500	34500	34500	34900	34900	34500	34900	34900	34900	222	0	1555200	1785600	883200	883200
1791392485	02:01:25	30700	34020	32300	34500	34700	35900	34700	35100	34700	35100	35100	34700	35500	35500	35100	34700	34100	34500	34100	34100	34500	34500	34500	34500	34100	34900	34900	34100	34900	34900	34500	222	0	1440000	1228800	883200	883200
1791392486	02:01:26	30700	33931	32300	34500	35100	35500	35100	35100	35100	35500	35100	35100	35500	35100	35900	36600	34500	34500	33700	33700	34500	34500	34900	34100	34500	34900	34500	34500	34900	34900	34900	222	0	1555200	1555200	883200	883200
1791392488	02:01:28	30700	33850	32300	34500	34700	35100	34700	35500	34700	34700	35100	34700	35500	35500	35100	34700	34500	34900	34500	34100	34500	34500	34900	34500	34100	34900	34900	34100	34900	34900	34500	222	0	998400	998400	883200	883200
1791392489	02:01:29	30700	33785	32300	34500	34300	35100	34700	35100	34700	35100	35100	35100	35100	35100	35100	35500	34100	34500	34100	34500	34500	34100	34900	34500	34500	34900	34900	34100	35200	34900	34900	222	0	1555200	1228800	883200	883200
1791392491	02:01:31	30600	33730	31600	37200	39700	40100	41700	41300	39300	39300	39300	39700	40900	42400	40900	41300	36800	36800	37600	37200	36000	35600	36800	36000	36400	36400	37200	37200	37600	37600	37600	1300	0	3187200	2745600	883200	883200
1791392492	02:01:32	30600	33712	31600	39100	44000	44800	46700	48600	42800	44000	43600	44800	48600	47800	47500	52500	38000	38400	39100	38700	37600	37600	38000	38000	38000	38000	38700	38700	38700	38700	38400	1300	52	3628800	3628800	883200	883200
1791392493	02:01:33	30600	33798	31600	52300	42400	43600	43600	44400	45900	45500	45500	45500	45100	44800	44800	45100	43800	43400	40700	41500	52300	57000	53900	55400	57000	55800	53900	54600	54300	54600	55000	1300	89	1555200	1555200	883200	883200
1791392494	02:01:34	30600	34043	31600	57000	44800	45500	45500	46700	49400	48200	49000	48200	47800	47100	47500	47800	47700	47300	43000	43400	56600	60100	58500	59700	61200	59700	57400	58500	58500	58100	59300	1300	91	1555200	1555200	883200	883200
1791392496	02:01:36	30600	34496	31600	59300	46300	47800	47100	48200	50900	50200	50200	50200	49400	48600	49800	49000	49200	49200	44200	44600	58100	63600	60100	62800	63200	62400	59300	60500	60100	60500	61200	1300	92	1555200	1440000	883200	883200
1791392497	02:01:37	30600	35123	31600	60800	47500	49000	48600	49400	52500	51300	51700	50900	50500	50500	50900	50200	50800	50400	46100	46100	60100	64000	61600	63200	65100	63200	61200	61600	62000	62000	62400	1300	91	1555200	1555200	883200	883200
1791392498	02:01:38	30600	35799	31600	48000	46300	46300	45500	46700	46700	46700	46300	46300	46300	46300	45900	45500	46500	46500	44900	43800	45700	45700	46100	45700	45700	46100	46100	45700	46100	46500	46100	222	91	1785600	1670400	883200	883200
1791392500	02:01:40	30800	36392	36700	41500	41700	42000	41700	41700	41700	41700	42000	42000	41700	41700	41700	41300	41100	41500	40700	40700	40700	40700	41100	41100	40700	41100	41500	41100	41500	41500	41100	222	0	1324800	1555200	883200	883200
1791392501	02:01:41	30800	36724	36700	39900	39300	40500	39700	39700	39700	40100	40100	40100	40100	40100	40100	39700	39100	39100	39100	38700	39100	38700	39500	39100	38700	39100	39500	39100	39100	39500	39500	222	0	1555200	1555200	883200	883200
1791392503	02:01:43	30800	36771	36700	38400	38600	38600	39000	39300	39000	39300	39000	39000	39000	39300	39300	39300	38000	38000	37600	37600	38000	38000	38400	38400	38400	38400	38400	38400	38700	38700	38400	222	0	1228800	1228800	883200	883200
1791392504	02:01:44	30800	36648	36700	37600	38600	38600	38200	38200	38200	38600	38600	38600	39000	39000	38600	38200	37200	37600	37600	37600	37600	37200	37600	37600	37600	38000	37600	38000	38000	38000	38000	222	0	1555200	1555200	883200	883200
1791392505	02:01:45	30800	36456	36700	37200	38200	38600	37400	37800	37400	37400	37400	37400	37800	38600	37800	37400	36800	36800	36800	36400	37200	36800	37200	37200	37200	37600	37600	36800	38000	37600	37600	222	0	1440000	1440000	883200	883200
1791392507	02:01:47	30800	36239	36700	37200	37000	37400	37400	37400	37400	37400	37400	37400	37400	37800	37400	37400	36800	36800	36800	36400	36800	36800	37200	36400	36800	37200	37200	36800	37200	37200	37200	222	0	1440000	1228800	883200	883200
1791392508	02:01:48	30800	36019	36700	36800	37000	38200	37400	38200	36600	37000	37000	37000	37000	37400	37000	37000	36400	36400	36400	36000	36400	36000	36800	36400	36400	36800	36800	36400	36800	36800	36800	222	0	1555200	1555200	883200	883200
1791392509	02:01:49	30800	35798	36700	36400	36600	37800	37000	37000	36600	37000	36600	37000	37000	37000	37000	36600	36000	36400	36000	36000	36000	36000	36400	36400	36000	36400	36400	36000	36800	36800	36800	222	0	1555200	1555200	883200	883200
1791392511	02:01:51	31200	35607	33700	36000	37000	37000	36600	36600	36600	36600	37000	36600	37000	37400	37000	37000	35600	36000	35600	35600	35600	36000	36400	36000	36400	36400	36000	36000	36400	36800	36800	222	0	1324800	1555200	883200	883200
1791392512	02:01:52	31200	35435	33700	36000	36300	36600	36300	36300	36300	36600	36300	36300	37000	37800	36300	36600	35600	36000	36000	35600	36000	35600	36000	35600	36000	36000	36000	35600	36400	36400	36000	222	0	998400	1324800	883200	883200
1791392514	02:01:54	31200	35263	33700	36000	36300	38200	36300	36300	35900	36300	36300	36300	36300	36300	36300	36300	35600	35600	35600	35200	35600	35600	36000	36000	35600	36000	36000	35600	36000	36000	36000	222	0	1113600	1113600	883200	883200
1791392515	02:01:55	31200	35122	33700	35600	35900	35900	36300	36300	35900	35900	36300	35900	35900	36300	35900	36300	35600	35200	35200	34900	35600	35600	35600	35600	35600	35600	36000	35600	35600	36000	35600	222	0	1440000	1440000	883200	883200
1791392516	02:01:56	31200	34979	33700	36000	35900	35900	35900	35900	35900	36300	35900	35900	36300	37400	35900	35900	35200	35200	35600	35600	35200	35200	36000	35200	35200	35600	35600	35200	35600	36400	35600	222	0	1440000	1440000	883200	883200
1791392518	02:01:58	31200	34849	33700	35600	35900	37000	35900	35900	35900	35900	35900	35900	36300	36300	36600	37000	35200	35200	34900	34900	34900	35200	35600	35200	35200	35600	35600	35200	35600	35600	36000	222	0	1228800	998400	883200	883200
1791392519	02:01:59	31200	34752	33700	35200	35500	35500	35900	35900	35900	36300	36300	36300	36300	36600	35900	35900	35600	35200	35600	35200	35200	35200	35600	35200	35200	35600	35600	35200	35600	35600	35600	222	0	1555200	1900800	883200	883200
1791392521	02:02:01	31200	34671	32600	35600	36300	36300	35900	35900	35900	36300	35500	35900	36600	36300	36300	36300	35200	35600	35200	35200	35200	35200	35600	35200	35200	36000	35600	35200	36000	36400	35600	222	0	1113600	1440000	883200	883200
1791392522	02:02:02	31200	34602	32600	35600	35900	35500	35500	36300	35500	35900	35900	35900	35900	36300	35900	37000	35200	34900	34900	35200	34900	35200	35600	35200	35200	35600	35600	35200	35600	36000	35600	222	0	1440000	1440000	883200	883200
1791392523	02:02:03	31200	34551	32600	35200	35500	37800	36300	35900	35500	35900	35500	35500	35900	35900	35900	35900	34900	35200	35200	34900	35200	35200	35200	35200	35200	35600	35600	34900	35600	35600	35600	222	0	1440000	1440000	883200	883200
1791392525	02:02:05	31200	34466	32600	34900	35500	37000	35500	35500	35500	35900	35900	35900	35900	35500	35900	35900	34900	35200	35200	34500	35200	34900	35200	35200	35200	35200	35200	34900	35200	35600	35200	222	0	1785600	1785600	883200	883200
1791392526	02:02:06	31200	34402	32600	35200	35900	35900	35500	35500	35100	35500	35500	35500	35900	35900	36300	36600	34900	34900	35200	34500	34900	34500	35200	34900	34900	35200	34900	34900	35600	35600	35200	222	0	1324800	1324800	883200	883200
1791392527	02:02:07	31200	34338	32600	34900	35500	36600	35500	35500	35500	35900	35500	35500	35500	35500	35500	35500	34500	34900	34900	34500	34900	34500	34900	34900	34900	35200	35200	34900	34900	35200	35200	222	0	1555200	1555200	883200	883200
1791392529	02:02:09	31200	34266	32600	35200	40100	42800	39300	41700	38200	38600	37800	38600	39700	39300	39700	40500	35200	35200	37200	36800	34500	34900	35200	34900	34900	35200	35600	35600	35600	35200	35600	222	0	3187200	3302400	883200	883200
1791392530	02:02:10	31200	34207	32600	46900	39000	39000	39000	39300	40900	40900	40500	40500	40100	40500	40100	40900	39900	39900	37600	38000	43000	44600	44600	43400	44900	45300	43800	44900	45300	46500	46100	1300	82	1228800	1228800	883200	883200
1791392531	02:02:11	31000	34217	32400	48400	49800	55600	48600	52500	46700	46300	46700	47100	50500	50500	49800	54000	42600	42200	40700	40700	44200	45700	44900	45300	45300	45700	44900	44900	45700	45300	45300	1300	60	3628800	3628800	883200	883200
1791392533	02:02:13	31000	34338	32400	55000	44000	44800	44400	45100	47500	47500	47500	47100	47100	45900	46700	45900	46500	46100	42200	42200	55400	58900	56600	60100	59300	58500	55800	57700	57000	57000	57700	1300	89	1670400	1670400	883200	883200
1791392534	02:02:14	31000	34655	32400	58500	46300	47100	46300	47500	50500	49400	49800	49000	49400	49000	49000	48600	48800	48400	43800	44200	58500	61600	59700	61200	63200	60800	58900	60800	59700	59700	60800	1300	92	1555200	1324800	883200	883200
1791392535	02:02:15	31000	35200	32400	60100	47500	48200	48200	48600	52100	50900	51300	50900	50200	49400	50200	49800	50800	50400	45700	46100	59700	64700	61600	64000	64000	63200	60500	61600	61600	61600	62000	1300	91	1440000	1440000	883200	883200
1791392537	02:02:17	31000	35854	32400	61600	48600	49400	49400	49800	53600	52500	52900	52100	51700	50900	51700	50900	51500	51200	46900	46500	61200	64700	62800	64700	65500	64300	61600	63200	61600	60500	59700	1300	91	1670400	1670400	883200	883200
1791392538	02:02:18	31000	36530	32400	44200	42800	43600	43600	43600	44000	44000	44000	43600	44000	44000	44000	43600	43400	43400	42200	42200	43000	43400	43800	43000	43000	43400	43400	43000	43800	43800	43000	222	0	1785600	1785600	883200	883200
1791392539	02:02:19	31000	37024	32400	40700	40900	40900	41700	41300	40900	41700	40900	41300	41300	41300	41300	40900	40700	40700	40300	39900	40700	40300	40700	40300	39900	40700	40700	40300	41100	40700	40700	222	0	1440000	1440000	883200	883200
1791392541	02:02:21	31400	37207	36300	39500	40100	40100	39700	39700	40100	39700	40100	40500	40100	39700	40100	39700	38700	39100	39100	39100	38700	39100	39100	39100	39100	39100	39500	39500	39500	39900	39500	222	0	1324800	1324800	883200	883200
1791392542	02:02:22	31400	37173	36300	38400	39000	39000	39000	39000	39000	39300	39000	39300	39000	39300	39300	40500	38000	38400	38000	38000	38000	38000	38700	38400	38400	38400	38700	38400	38400	38700	38700	222	0	1555200	1324800	883200	883200
1791392544	02:02:24	31400	37000	36300	38000	38600	39000	38600	38600	38600	38600	38200	38600	39300	39000	39000	38600	37600	37600	37600	37600	38000	37600	38000	38000	38000	38000	38400	37600	38400	38400	38000	222	0	1440000	1785600	883200	883200
1791392545	02:02:25	31400	36790	36300	37200	38600	38600	37800	38200	38200	38200	38200	38200	38600	38600	38200	37800	37200	37600	37600	37200	37200	37600	37600	37200	37200	38000	37600	37200	37600	38000	37600	222	0	1555200	1555200	883200	883200
1791392546	02:02:26	31400	36570	36300	37600	37400	38600	37800	37400	37800	37800	37400	37800	37400	37800	37800	37400	37200	36800	37200	36800	36800	36800	37200	37200	37200	37200	37200	36800	37600	37600	37200	222	0	1440000	1324800	883200	883200
1791392548	02:02:28	31400	36358	36300	37200	37400	37800	37800	37400	37400	37400	37400	37400	38200	38200	37400	37400	36800	36800	36800	36400	36800	36800	36800	36800	36800	36800	37200	37200	37200	37200	36800	222	0	1440000	1440000	883200	883200
1791392549	02:02:29	31400	36164	36300	36800	36600	37400	37000	37000	37000	37400	37000	37000	37400	37400	37400	37000	36400	36800	36400	36000	36800	36400	36800	36800	36800	36800	37200	36800	36800	37200	36800	222	0	1555200	1555200	883200	883200
1791392551	02:02:31	31400	35987	36300	36800	37000	38200	37800	37400	37000	37800	37000	36600	37400	37400	37000	37800	36400	36800	36400	36400	36800	36400	37200	36800	36800	37200	37200	36800	37200	37200	36800	222	0	1555200	1440000	883200	883200
1791392552	02:02:32	31700	35837	33900	36800	37000	37800	37400	37000	37000	37400	37000	37000	37400	37800	37400	37000	36000	36400	36400	36000	36400	36000	36800	36400	36400	37200	36800	36400	36800	36800	37200	222	0	1440000	1440000	883200	883200
1791392553	02:02:33	31700	35716	33900	36400	36600	36600	37400	37400	36600	37000	37000	37000	37000	37000	37000	37000	36400	36400	36000	36000	36000	36400	36800	36400	36400	36800	36400	36000	36800	36800	36800	222	0	1785600	1785600	883200	883200
1791392555	02:02:35	31700	35597	33900	36400	36600	37800	36600	38200	36600	36600	37000	36600	36600	36600	36600	37400	36000	36000	36000	35600	36400	36000	36400	36400	36000	36400	36400	36000	36800	36800	36400	222	0	1440000	1440000	883200	883200
1791392556	02:02:36	31700	35475	33900	36400	36600	37800	36300	36300	36300	37000	36600	36600	36600	38600	36600	36600	35600	36000	35600	36000	36000	35600	36400	36000	36000	36400	36000	36000	36400	36400	36400	222	0	1113600	1440000	883200	883200
1791392557	02:02:37	31700	35365	33900	36000	36600	37000	37400	38200	36300	36300	36600	36600	37000	36600	36600	36300	35600	36000	35600	35600	35600	35600	36400	35600	36000	36400	36000	35600	36400	36400	36000	222	0	1440000	1440000	883200	883200
1791392559	02:02:39	31700	35250	33900	36000	35900	37000	36600	36300	36300	36300	36300	36600	37000	37400	36300	37000	35600	35600	35600	35200	35600	35600	36000	36000	35600	36000	36000	35600	36000	36000	36400	222	0	1555200	1228800	883200	883200
1791392560	02:02:40	31700	35148	33900	35600	35500	36300	36300	36600	35900	36300	36300	35900	36300	36600	36300	36600	35600	35600	35600	35600	36000	35600	35600	35200	35600	35600	36000	35200	36000	36000	36000	222	0	1555200	1555200	883200	883200
1791392562	02:02:42	31600	35048	32900	35600	36300	36600	35900	36300	35900	36300	35900	36300	36600	36300	36300	36300	35200	35200	35200	34900	35600	35600	36000	35200	35600	36000	36000	35600	36000	36400	35600	222	0	1440000	1785600	883200	883200
1791392563	02:02:43	31600	34958	32900	35600	35900	35900	35900	36300	35900	36300	36300	36300	36300	36300	36300	37400	35200	35600	35200	35200	35600	35200	35600	35200	35600	36000	35600	35200	36000	36000	35600	222	0	1228800	1555200	883200	883200
1791392564	02:02:44	31600	34868	32900	35600	35500	37000	35900	36600	35500	35900	35900	35900	37000	37800	35900	36300	35200	35200	35200	34900	35200	35200	35600	35200	35200	35600	35600	35200	35600	36000	35600	222	0	1324800	1555200	883200	883200
1791392566	02:02:46	31600	34787	32900	35600	35500	35900	35900	35500	35900	35900	35900	35900	36300	37000	35900	36600	35200	35200	34900	34900	35200	34900	35600	35200	35200	35600	35600	35200	35600	35600	35600	222	0	1440000	1324800	883200	883200
1791392567	02:02:47	31600	34710	32900	35200	35900	35900	35900	35900	35500	35900	35900	35900	35900	37000	35900	35900	34900	35200	34500	34900	34900	34900	35200	35200	35600	35200	35600	34900	35200	35600	35600	222	0	1324800	1555200	883200	883200
1791392569	02:02:49	31600	34636	32900	38400	42000	42000	42000	42000	40500	40500	40900	41300	42000	43600	42800	42400	36400	36800	38400	38000	36800	36800	37200	37200	36800	37600	38400	38000	38400	38000	38000	1300	0	2611200	2745600	883200	883200
1791392570	02:02:50	31600	34614	32900	39900	46700	53200	44400	44400	45100	46300	43200	43200	51700	57100	46300	46300	39100	39100	39900	40300	38400	38700	38700	38700	38400	38700	39900	39500	39500	39900	39100	1300	54	3628800	3628800	883200	883200
1791392571	02:02:51	31600	34644	32900	39500	49000	53200	55200	61700	49000	53600	47500	49000	53200	52100	52100	53200	38700	39500	42600	42200	38000	37600	38000	38000	38000	38400	39900	39900	39500	39500	38700	1300	0	3628800	3628800	883200	883200
1791392572	02:02:52	31400	34737	33100	39900	49800	55600	48600	48600	47800	49000	46300	46700	54800	59400	49800	49800	40300	40300	44200	44200	39900	41100	41100	42200	41100	41100	41800	42200	41500	41100	40700	1300	0	3628800	3628800	883200	883200
1791392573	02:02:53	31400	34861	33100	39900	47800	52500	58300	64500	45500	46300	47500	48200	49800	49400	54800	54800	39500	40300	41800	41100	38700	38700	39100	38700	38700	39500	40700	40700	40300	40300	39900	1300	0	3628800	3628800	883200	883200
1791392574	02:02:54	31400	35007	33100	45700	47800	47500	48600	49000	46700	46300	47500	47800	47100	46300	47800	47500	43000	43000	42600	42600	56200	67400	59700	67100	65900	64300	60100	65500	62000	60100	62000	1300	0	3628800	3628800	883200	883200
1791392576	02:02:56	31400	35241	33100	56600	45500	46300	46700	47100	49400	49000	49000	49000	48200	48200	48600	48200	48000	47300	43800	43800	55800	59700	57700	60500	60500	59700	57000	58900	58100	58500	58900	1300	91	1324800	1324800	883200	883200
1791392577	02:02:57	31400	35595	33100	60100	47800	48200	48200	49400	52100	51300	51700	50900	50200	49400	50200	50200	50800	50000	46100	46100	58900	63200	61200	62400	64700	62400	60500	61200	61200	61200	61600	1300	91	1440000	1440000	883200	883200
1791392578	02:02:58	31400	36160	33100	61600	48600	49800	49800	50900	53200	52500	52900	52500	51700	51300	52100	52100	51900	51200	46900	46900	60800	65100	62400	64700	65100	64000	62000	62800	62800	63200	63200	1300	92	1555200	1555200	883200	883200
1791392580	02:03:00	31400	36808	33100	62800	49800	50500	50500	50900	54400	53600	53600	53200	53200	53600	52900	52500	53500	53100	48400	48400	62000	65900	64300	65500	67100	65100	62800	65100	64000	64300	64700	1300	91	1670400	1785600	883200	883200
1791392581	02:03:01	31400	37497	33100	46500	45500	46300	45900	45900	46300	46300	46300	46300	46300	47500	45900	45500	45700	45700	44600	44200	44900	45700	46100	45300	45300	45700	45700	45300	46100	45700	45700	222	91	1900800	1555200	883200	883200
1791392583	02:03:03	31800	38023	38400	42600	42400	42800	42800	42400	42800	42800	42400	42800	42800	42800	42800	42800	42200	42200	41800	41800	42200	41800	42200	41800	42200	42200	42600	41800	42600	43000	42200	222	0	998400	1228800	883200	883200
1791392584	02:03:04	31800	38269	38400	41100	40900	41300	41300	42400	41700	41700	41300	41700	41300	42400	41300	41300	40700	40700	40300	39900	40300	40300	40700	40300	40700	40700	40700	40300	41100	41100	40700	222	0	1228800	1228800	883200	883200
1791392585	02:03:05	31800	38227	38400	39500	39700	41700	40900	41300	39700	40100	40500	40500	40100	41300	40100	40100	39500	39500	39500	39100	39500	39500	39900	39500	39500	39900	39900	39500	40300	39900	39900	222	0	1555200	1555200	883200	883200
1791392587	02:03:07	31800	38058	38400	39100	39700	40500	40100	39700	39700	39700	39300	39700	39700	40500	39300	39300	39100	38700	38400	38000	38700	39100	39100	38700	39100	39100	39100	38700	39500	39500	39100	222	0	1113600	1113600	883200	883200
1791392588	02:03:08	31800	37817	38400	38700	38600	39300	39300	39000	39000	39000	39000	39000	39300	39300	39700	39300	38400	38400	38400	38000	38400	38400	38700	38400	38000	38700	38700	38400	38700	39100	38700	222	0	1785600	1785600	883200	883200
1791392589	02:03:09	31800	37565	38400	38000	39300	39300	39700	40500	39000	39000	39000	39000	38600	38600	39000	39000	38000	38000	37600	37600	38000	38000	38400	38000	38000	38400	38400	38000	38700	38700	38400	222	0	1555200	1555200	883200	883200
1791392591	02:03:11	31800	37330	38400	38000	38600	38600	38200	38200	38200	38600	38600	38600	38200	40100	38600	38600	37600	37600	37600	37200	38000	37600	38000	38000	38000	38000	38000	38000	38000	38700	38000	222	0	1228800	1555200	883200	883200
1791392592	02:03:12	32300	37088	35100	37600	37800	39700	38600	38200	38200	38600	38200	38200	38600	39300	38600	38200	37600	37600	37200	37200	37600	37600	37600	37200	37600	38000	38000	37600	38000	38000	38000	222	0	1555200	1555200	883200	883200
1791392594	02:03:14	32300	36868	35100	37600	37800	38600	37400	37800	38200	38200	37800	38200	38200	38200	38200	37800	37200	37200	37600	37200	37200	36800	37600	37600	37200	37600	37600	37600	37600	37600	37600	222	0	1785600	1440000	883200	883200
1791392595	02:03:15	32300	36682	35100	37200	37400	38600	38600	38200	37800	38200	38200	38200	38600	38200	38200	38200	36800	36800	36800	36800	36800	36800	37600	37200	37200	37600	37200	37200	37600	37600	37200	222	0	1555200	1228800	883200	883200
1791392596	02:03:16	32300	36505	35100	36800	37800	39000	37400	37400	37800	37800	37400	37800	37800	37800	37800	37800	36800	36800	36800	36400	36800	36800	36800	36800	36800	37200	37200	36800	37200	37600	37200	222	0	1555200	1555200	883200	883200
1791392598	02:03:18	32300	36328	35100	36800	37000	38200	37000	38600	37000	37400	37800	37800	37800	39000	37800	37800	36400	36800	36800	36800	36800	36800	37200	36800	36800	37200	37200	36400	37200	37200	37200	222	0	1555200	1555200	883200	883200
1791392599	02:03:19	32300	36179	35100	36400	37000	38600	36600	37000	37000	37400	37400	37000	37000	37800	37800	37400	36400	36400	36400	36400	36400	36400	36800	36800	36400	36800	36800	36400	36800	37200	36800	222	0	1440000	1670400	883200	883200
1791392601	02:03:21	32300	36037	35100	36400	37400	37400	37400	37400	37000	37000	37000	37000	37000	37000	37400	37400	36400	36400	36400	36000	36400	36400	36400	36400	36400	36400	36800	36400	36800	36800	36800	222	0	1228800	1440000	883200	883200
1791392602	02:03:22	32300	35911	35100	36400	37400	37400	37000	37800	37000	37400	37400	37400	37400	37400	37400	37000	36000	36400	35600	35600	36000	36000	36800	36400	36400	36800	36800	36400	36800	36800	36800	222	0	1228800	1228800	883200	883200
1791392603	02:03:23	32200	35796	33700	36400	36600	37400	36600	36600	37000	37000	36600	36600	37400	37400	37000	37000	36000	36400	36400	36000	36000	36000	36800	36400	36000	36800	36800	36000	36800	36800	36400	222	0	1324800	1324800	883200	883200
1791392605	02:03:25	32200	35691	33700	36400	36300	37400	36600	37400	36300	36600	36600	36600	36600	37800	36600	36600	35600	36000	36000	35600	36000	36000	36000	35600	36000	36400	36400	36000	36400	36800	36800	222	0	1228800	1228800	883200	883200
1791392606	02:03:26	32200	35595	33700	36400	37000	37000	36600	37400	36300	36300	36600	36300	36600	37000	36600	36600	36000	35600	36000	36000	35600	36000	36000	35600	36000	36000	36400	36000	36400	36400	36400	222	0	1785600	1670400	883200	883200
1791392607	02:03:27	32200	35499	33700	36000	36300	36600	36300	36300	36600	36300	36600	36300	37000	37800	36600	36300	35600	36000	35200	35200	36000	35600	36400	35600	36000	36000	36400	36000	36400	36400	36400	222	0	1228800	1228800	883200	883200
1791392609	02:03:29	32200	35411	33700	35600	35900	37400	36600	37000	36300	36300	36600	36300	36600	36600	36600	37000	35600	35600	35600	35200	35600	35600	36000	35600	36000	36000	36400	35600	36000	36400	36000	222	0	1555200	1440000	883200	883200
1791392610	02:03:30	32200	35351	33700	36000	36600	36600	36600	36600	36600	37000	36600	36600	37000	37400	36300	37400	36000	36400	35600	36000	36000	36000	36400	35600	36000	36000	36000	36000	36400	36800	36400	222	0	1555200	1555200	883200	883200
1791392612	02:03:32	32200	35288	33700	37600	45900	45500	51700	57500	42000	42800	43200	44800	44800	44400	49000	55200	36400	36800	39900	39900	36400	36400	36800	36800	36400	36800	38000	38000	38000	37600	37600	222	0	3628800	3628800	883200	883200
1791392613	02:03:33	32000	35267	33400	41800	45100	47800	43600	45900	42800	43200	42400	43200	44000	44400	44400	45900	40700	40700	38700	38700	39900	40300	40700	40300	40300	40700	40700	41100	41500	40700	40700	1300	57	2745600	2745600	883200	883200
1791392614	02:03:34	32000	35333	33400	51900	44400	45100	45900	46300	47100	46700	47100	47500	46300	45900	47100	46700	43800	43400	41800	41800	53100	57400	54300	57000	57000	56200	54300	55400	55400	55400	55400	1300	90	1555200	1555200	883200	883200
1791392615	02:03:35	32000	35536	33400	58500	45900	47100	47500	48200	50200	49800	50200	49800	48600	48200	49000	48600	49200	48800	44600	44600	58100	62400	59700	62400	62400	61200	58500	59700	59700	60100	60500	1300	91	1440000	1440000	883200	883200
1791392617	02:03:37	32000	35962	33400	60500	48200	49000	48600	49000	52500	51700	51700	51300	50900	50200	50500	50200	51200	50800	45700	45700	60500	64000	62000	63600	64700	63600	60500	62000	61600	62000	62800	1300	92	1785600	1670400	883200	883200
1791392618	02:03:38	32000	36541	33400	62000	49400	50500	50500	50500	53600	52900	53200	52500	52100	52500	52100	52500	52300	51900	47700	48000	61600	65900	63600	65500	65900	65100	61600	64000	63200	63600	64000	1300	91	1324800	1440000	883200	883200
1791392619	02:03:39	32000	37205	33400	52300	50900	52900	49400	51700	51300	51700	50900	50500	51700	52500	50500	49800	49600	49200	48000	48000	49600	50000	50400	49600	49600	50000	49600	49600	50000	50400	50000	222	91	1785600	1785600	883200	883200
1791392621	02:03:41	32000	37796	33400	43800	43200	43600	43600	43600	43600	44000	43600	43600	43600	44000	43600	43600	43400	43400	42600	42200	43000	43400	43400	43000	43400	43400	43400	43000	43400	43400	43400	222	0	1555200	1440000	883200	883200
1791392622	02:03:42	32000	38184	33400	41500	42400	42000	41700	41700	41700	42000	41700	41700	42000	42000	42000	42000	41100	41100	40700	40300	41100	41100	41100	40700	40700	41500	41100	40700	41500	41500	41500	222	0	1440000	1440000	883200	883200
1791392623	02:03:43	32300	38272	37500	40300	40500	40500	40900	40500	40500	40900	40900	40500	40900	40900	41300	40900	39500	39900	39500	39100	39900	39900	40300	39900	39900	40300	40300	39900	40300	40300	40300	222	0	1555200	1555200	883200	883200
1791392625	02:03:45	32300	38181	37500	39900	40100	41300	39700	40100	39700	39700	40100	39700	40500	40500	40100	40100	39100	39100	39500	39100	39100	39100	39100	39500	39500	39500	39500	39100	39900	39900	39500	222	0	1324800	1228800	883200	883200
1791392626	02:03:46	32300	37984	37500	39100	39700	40900	39300	39300	39300	39700	39300	39000	39700	39700	40100	39300	38700	38400	38700	38000	38700	38700	39100	38700	38700	39100	39100	38700	39100	39100	39100	222	0	1440000	1440000	883200	883200
1791392628	02:03:48	32300	37756	37500	38700	39000	40500	39300	39000	39000	39300	39300	39300	39700	39700	39300	39300	38400	38400	38400	38400	38400	38000	38400	38000	38400	38400	38700	38400	38700	38700	38700	222	0	1440000	1785600	883200	883200
1791392629	02:03:49	32300	37548	37500	39900	44400	45100	44800	45100	43600	44000	44000	44800	45100	47800	46700	47500	43800	45700	50000	59300	39500	39500	39500	39100	39500	39500	40300	39900	40300	40300	39900	222	0	1555200	1555200	883200	883200
1791392630	02:03:50	32300	37402	37500	39100	39700	40100	39300	39700	39300	39700	39700	39700	40100	40900	39300	40900	38700	38700	38700	38700	38700	38700	39100	38700	38700	39100	39100	38700	39100	39500	39100	222	0	1113600	1324800	883200	883200
1791392632	02:03:52	32300	37261	37500	38700	39000	39300	39300	39000	39000	39000	39000	39000	39700	40100	39300	39300	38000	38400	38000	38000	38400	38400	38400	38400	38400	38700	38700	38400	38700	39100	38700	222	0	1113600	1555200	883200	883200
1791392633	02:03:53	32600	37141	35200	38000	38600	39700	38600	38600	38200	38600	39000	38200	39300	38600	39000	39000	37600	38000	38000	37600	38000	37600	38400	38000	38000	38400	38000	38000	38400	38700	38400	222	0	1555200	1555200	883200	883200
1791392634	02:03:54	32600	36998	35200	38000	38600	38600	38600	38200	38200	38600	38200	38600	38200	38600	38600	38600	37600	37600	37600	37200	38000	37600	38000	37600	37600	38000	38400	37600	38000	38400	38400	222	0	1555200	1555200	883200	883200
1791392636	02:03:56	32600	36866	35200	38000	38200	39300	38200	39300	37800	38600	38200	37800	39300	39000	38600	38200	37200	37600	37200	36800	37600	37600	37600	38000	37600	38000	38000	37600	37600	38000	38000	222	0	1900800	1900800	883200	883200
1791392637	02:03:57	32600	36740	35200	39100	45500	46300	51300	51700	44400	45500	47500	49400	50900	49400	54400	60200	38400	38700	39500	39500	38000	38000	38400	38400	38000	38400	39900	39900	39500	39500	39100	222	0	3628800	3628800	883200	883200
1791392638	02:03:58	32600	36636	35200	38400	38600	40500	39300	39300	39300	39300	39300	39300	39700	39700	39300	39000	38000	38400	38400	38000	37600	38000	38400	38000	38000	38400	38400	38000	38400	38700	38700	222	0	1228800	1228800	883200	883200
1791392640	02:04:00	32600	36570	35200	38000	38200	38600	38200	39300	38200	38600	38200	38200	38600	38600	38200	38200	37600	37600	37600	37200	37600	37200	37600	37600	37600	38000	38000	37600	38000	38000	38000	222	0	1555200	1555200	883200	883200
1791392641	02:04:01	32600	36502	35200	37600	37800	40100	38600	38600	38200	38600	38600	38200	39000	38600	38600	38200	37200	37200	37200	37200	37600	37600	38000	37200	37200	38000	38000	37600	38000	38000	38000	222	0	1555200	1555200	883200	883200
1791392642	02:04:02	32600	36441	35200	37600	38200	39300	37800	37800	38200	38200	38200	37800	39000	38200	38200	37400	37200	37200	37200	36800	37200	37200	37600	37600	37200	37600	37600	37200	37600	38000	37600	222	0	1555200	1670400	883200	883200
1791392644	02:04:04	32500	36364	34400	37200	37800	37800	38200	37800	37400	38200	37800	37800	37800	37800	38600	38200	37200	37200	36800	36400	37200	37200	37200	37200	37200	37600	37200	36800	37600	38000	37200	222	0	1670400	1670400	883200	883200
1791392645	02:04:05	32500	36287	34400	37200	37800	38600	37800	37800	37400	37400	37800	37800	37800	38600	37400	37400	36800	37200	36800	36800	36800	36800	37200	36800	37200	37600	36800	36800	37200	37200	37200	222	0	1555200	1555200	883200	883200
1791392647	02:04:07	32500	36191	34400	37200	37000	37400	38200	38200	37400	37400	37400	37400	37800	37400	38200	38600	36800	36800	36400	36000	36800	36800	37200	36400	36800	36800	36800	36400	37200	37600	37200	222	0	1324800	1324800	883200	883200
1791392648	02:04:08	32500	36100	34400	36800	37400	37400	37800	38200	37000	37400	37400	37400	37800	38200	37400	37400	36400	36400	36800	36000	36800	36400	36800	36400	36800	36800	36800	36800	36800	36800	37200	222	0	1440000	1440000	883200	883200
1791392649	02:04:09	32500	36007	34400	36400	37000	38200	37000	37000	37000	37000	37400	37000	37400	37800	37000	38200	36000	36400	36000	35600	36800	36000	36800	36800	36400	36400	36800	36400	36800	36800	36800	222	0	1228800	1228800	883200	883200
1791392651	02:04:11	32500	35912	34400	38700	44400	47100	44400	44800	42000	42400	42000	42000	44000	44000	44800	44400	38000	38400	39900	39500	37200	37600	38400	37600	38000	38400	38700	39100	39100	39100	38700	1300	86	2611200	2745600	883200	883200
1791392652	02:04:12	32500	35850	34400	41100	46300	49400	44000	47100	43600	44400	42800	43600	47100	49400	46300	49800	40300	40300	42600	41800	39500	39500	40300	39900	39900	40300	41100	40700	40700	41100	40700	1300	0	3628800	3628800	883200	883200
1791392653	02:04:13	32500	35891	34400	54300	44800	45100	45900	46300	48200	47500	47800	47800	46700	47500	47100	47100	45300	44900	42200	42200	53500	57400	55800	57000	59300	57000	55800	56200	56600	56200	56600	1300	60	1996800	1996800	883200	883200
1791392654	02:04:14	32400	36076	35000	58900	47100	47800	47500	48200	51300	50500	50500	50200	49800	49400	50500	49800	50000	49200	44900	45300	58900	63600	60500	62000	63200	62000	59300	61200	60100	60800	61200	1300	91	1670400	1670400	883200	883200
1791392656	02:04:16	32400	36502	35000	61200	48600	49400	49000	49800	53200	52500	52900	52100	51700	51300	51700	51700	51500	51200	46500	46500	60800	65100	62400	64300	65100	64000	61200	63200	62400	62800	63200	1300	91	1440000	1440000	883200	883200
1791392657	02:04:17	32400	37106	35000	62800	49800	51300	50900	51300	54400	53600	54000	53600	52900	52500	52900	52900	53100	52700	48000	48400	62000	67100	64000	66700	66700	65900	63200	64000	64000	64000	64700	1300	91	1785600	1785600	883200	883200
1791392659	02:04:19	32400	37764	35000	49600	48200	48200	47800	49000	48600	49000	48600	48600	48600	47800	48200	47800	48400	48400	46500	46900	47700	47700	48000	47700	47700	48000	47700	47300	48000	48400	47700	222	92	1900800	1440000	883200	883200
1791392660	02:04:20	32400	38365	35000	43800	44000	45100	44000	44000	44000	44000	44000	44000	44800	44000	44000	44000	43000	43400	43000	42600	42600	42600	43000	43000	43000	43400	43000	43000	43400	43800	43000	222	0	1900800	1900800	883200	883200
1791392661	02:04:21	32400	38684	35000	41800	41700	42000	42000	42000	41700	41700	42000	42000	41700	42000	42000	42400	41100	41500	41100	40700	41100	40700	41500	41100	40700	41100	41500	41100	41500	41500	41500	222	0	1785600	1440000	883200	883200
1791392663	02:04:23	32400	38706	35000	40700	40100	41300	40500	40500	40500	40900	40900	40500	40900	42000	40900	40500	39900	39900	40300	39500	39900	40300	40300	39900	39900	40300	40700	39900	40300	40700	40700	222	0	1555200	1555200	883200	883200
1791392664	02:04:24	32900	38578	37200	39900	39700	40500	40100	40100	40100	40900	40100	40100	40100	40500	40100	39700	39100	39500	39500	39100	39500	39500	39500	39500	39500	39900	39900	39500	39500	40300	39900	222	0	1900800	1900800	883200	883200
1791392665	02:04:25	32900	38367	37200	39100	40100	39700	40100	40100	39300	39700	39700	40100	39700	39700	40100	39700	38700	39100	38700	38400	38700	38700	39100	38700	39100	39500	39100	39100	39900	39500	39500	222	0	1113600	1324800	883200	883200
1791392667	02:04:27	32900	38130	37200	38700	39700	40100	39000	40100	39000	39700	39300	39300	39300	39300	39300	39300	38700	38700	38400	38400	38400	38700	39100	38400	38700	39100	39100	38700	39100	39100	39100	222	0	1228800	1228800	883200	883200
1791392668	02:04:28	32900	37889	37200	38400	39700	39300	39300	39300	39000	39000	39300	39000	39300	39700	39300	39000	38000	38400	38000	37600	38400	38400	38700	38000	38400	38400	38700	38400	38700	39100	38400	222	0	1440000	1440000	883200	883200
1791392670	02:04:30	32900	37662	37200	38400	39000	39700	39300	39000	38600	39000	39000	39000	39000	39000	39000	39000	38000	38000	38400	37600	38000	38000	38400	38400	38000	38400	38400	38000	38700	38700	38700	222	0	1228800	1555200	883200	883200
1791392671	02:04:31	32900	37482	37200	38400	38600	39700	39300	38600	38600	39000	38600	38600	38600	39300	38600	38600	37600	38000	37600	38000	38000	38000	38400	38000	38000	38400	38000	37600	38400	38400	38400	222	0	1324800	1440000	883200	883200
1791392672	02:04:32	32900	37293	37200	38400	37800	38200	39300	40100	38600	38600	38600	38600	38600	39000	38600	38200	38000	38000	38000	37200	38000	37600	37600	37600	38000	38400	38000	38000	38000	38000	38400	222	0	1228800	1228800	883200	883200
1791392674	02:04:34	32900	37137	35100	37600	38200	39300	38200	38600	38200	38600	38600	38200	38200	38600	38600	38600	37600	38000	38000	37600	37600	37200	38000	37600	37600	38000	38000	37600	38000	38000	38000	222	0	1324800	1440000	883200	883200
1791392675	02:04:35	32900	36984	35100	38000	37800	38200	39000	38200	37800	38200	38200	38200	38200	38200	37800	38200	37200	37600	37600	37200	37600	37200	37600	37600	37600	38000	37600	37600	37600	38000	38000	222	0	1670400	1900800	883200	883200
1791392677	02:04:37	32900	36843	35100	37600	37800	38600	37800	37800	38200	37800	37800	38200	38600	39000	38600	39000	36800	37200	37200	37200	37200	37600	37600	37600	37200	38000	37200	37200	37600	38000	38000	222	0	1670400	1555200	883200	883200
1791392678	02:04:38	32900	36712	35100	37600	38200	37800	37800	38200	37800	37800	37800	38200	38600	39000	38200	37400	36800	37200	36400	36400	36800	36800	37600	37200	37200	37200	37600	37200	37600	38000	37600	222	0	998400	1324800	883200	883200
1791392679	02:04:39	32900	36599	35100	37200	37800	39000	38200	38600	37400	37800	37800	37800	38200	38600	38600	39700	36800	37200	37200	36800	37200	37200	37600	37200	37200	37200	37200	36800	37600	38000	37600	222	0	1670400	1670400	883200	883200
1791392681	02:04:41	32900	36496	35100	37200	37800	39000	37000	38600	37400	37400	37400	37400	38600	38200	37400	37400	36800	37200	37200	36400	36800	36800	37200	37200	37200	37200	37200	36800	37600	37600	37200	222	0	1555200	1900800	883200	883200
1791392682	02:04:42	32900	36371	35100	37200	37000	37400	37000	37400	37000	37400	37400	37000	37400	37000	37000	37000	36400	36800	36800	36800	36800	36400	37200	36800	36800	37200	36800	36400	37600	37600	36800	222	0	1555200	1555200	883200	883200
1791392684	02:04:44	32900	36266	35100	36400	37000	37400	37400	37000	37000	37000	37400	37000	37400	37400	37400	37800	36400	36800	36400	36400	36800	36400	36800	36800	36400	37200	36800	36400	36800	37200	36800	222	0	1555200	1555200	883200	883200
1791392685	02:04:45	32800	36170	34100	36800	37000	37400	37000	38200	37000	37400	37000	37400	37400	37400	37000	37400	36400	36800	36800	36800	36400	36400	36800	36400	36800	36800	36800	36400	36800	37200	36800	222	0	1555200	1785600	883200	883200
1791392686	02:04:47	32800	36068	34100	36800	37000	38200	37000	37000	37000	37400	37400	37000	37800	38600	37000	37400	36400	36400	36400	36000	36400	36400	36800	36400	36800	36800	36800	36800	36800	36800	36800	222	0	1670400	1670400	883200	883200
1791392688	02:04:48	32800	35990	34100	36800	36600	37000	37000	37000	37000	37000	37000	36600	37400	37000	37000	36600	36400	36400	36400	36000	36400	36400	36800	36400	36800	36800	37200	36400	37200	36800	36800	222	0	1670400	1900800	883200	883200
1791392689	02:04:49	32800	35915	34100	37200	45100	47500	48200	53600	42400	43600	44000	45100	47100	47500	50500	57500	37200	37200	38000	38000	36800	36800	36800	36800	36800	37200	38000	38000	38000	37600	37600	222	0	3628800	3628800	883200	883200
1791392690	02:04:50	32800	35870	34100	45700	40900	43200	40900	41300	42400	42400	42000	42400	43600	46700	43200	42800	41100	40700	40300	40300	41100	41500	41800	41500	41800	42200	41800	42200	42200	42200	42200	1300	52	2745600	2745600	883200	883200
1791392692	02:04:52	32800	35891	34100	46500	52900	53600	48600	52100	50200	51300	48200	48600	56300	62100	50900	55600	44900	44200	41800	42200	43800	44900	44900	44600	44900	45300	45300	45300	45300	45700	45700	1300	0	3628800	3628800	883200	883200
1791392693	02:04:53	32800	36029	34100	57700	45900	46700	46700	47500	50200	49400	49800	49000	48600	47800	48600	48200	48400	47700	44600	44600	57400	60500	58900	60500	62000	60800	58100	60500	59300	59700	60100	1300	91	1555200	1555200	883200	883200
1791392694	02:04:54	32800	36398	36900	60500	48200	49000	49000	49000	52500	51700	52500	51300	50500	50500	50900	50500	51200	50400	46100	46100	60100	64000	61600	63600	64300	63200	60500	62000	62000	62000	62400	1300	91	1785600	1555200	883200	883200
1791392696	02:04:56	32600	36948	36900	62400	49000	50200	49800	50500	54000	53600	53600	52500	52500	52900	52500	52500	52300	51500	48000	48400	61200	65900	63600	64700	66700	64700	62800	64000	63600	64000	64300	1300	92	1670400	1670400	883200	883200
1791392697	02:04:57	32600	37602	36900	63600	49800	51300	50500	51300	54800	54000	54400	53600	53200	52900	53200	53600	53900	53100	48400	48400	56600	58500	57700	57400	57700	57700	55800	56200	56600	57000	57000	1300	91	2745600	2496000	883200	883200
1791392698	02:04:58	32600	38246	36900	45700	44800	45100	45100	44800	45500	45900	45500	45500	46300	45500	45500	46300	45300	45300	44200	43800	44600	44900	45300	44600	44600	44900	44900	44900	45300	45300	45300	222	0	998400	1324800	883200	883200
1791392700	02:05:00	32600	38724	36900	42600	42800	43600	42800	44000	42800	42800	42800	42800	42800	42800	42800	42400	41800	42200	42200	41500	41800	41500	42200	41800	41800	42200	42600	41800	42200	42600	42200	222	0	1785600	1228800	883200	883200
1791392701	02:05:01	32600	38879	36900	41100	41300	42800	41700	41700	41300	41700	41300	41300	41700	41300	41700	42000	40700	40700	41100	40700	40700	40700	41100	40700	40700	40700	41100	40700	41100	41500	41100	222	0	1555200	1555200	883200	883200
1791392702	02:05:02	32600	38835	36900	40300	40500	42400	41300	40900	40900	41300	40900	40900	40900	40900	41300	40900	40300	40300	39900	39900	40300	40300	40300	40300	40300	40700	40700	39900	40700	41100	40700	222	0	1555200	1785600	883200	883200
1791392704	02:05:04	32600	38697	36900	39900	39700	40100	40100	40500	40100	40500	40100	40500	40500	40500	40500	40500	39500	39500	39100	39100	39500	39500	39900	39500	39900	39900	39900	39500	39900	40300	39900	222	0	1555200	1324800	883200	883200
1791392705	02:05:05	33100	38495	36900	39500	39700	40100	40500	40500	40100	39700	40100	40500	40100	40100	40100	40100	39100	39100	38700	38700	39500	39100	39100	39100	38700	39100	39500	39500	39500	39900	39900	222	0	1113600	1113600	883200	883200
1791392707	02:05:07	33100	38281	36900	39500	39300	39700	39300	39300	39300	39300	39700	39700	40100	40100	39700	39300	38700	38700	38700	38700	39100	39100	39500	38700	38400	39500	39100	38700	39100	39100	39100	222	0	1440000	1440000	883200	883200
1791392708	02:05:08	33100	38057	36900	38400	39300	39700	39300	39000	39700	39700	39000	39300	39300	39300	39300	40100	38400	38400	38400	38000	38400	38400	38700	38700	38700	39100	38700	38700	39100	39100	39100	222	0	1555200	1555200	883200	883200
1791392709	02:05:09	33100	37843	36900	38400	38600	40100	38600	39700	39000	39000	39300	39300	39000	39300	39300	39700	38400	38400	38400	38000	38400	38000	38700	38000	38000	38700	38400	38400	38700	38700	38700	222	0	1228800	1113600	883200	883200
1791392711	02:05:11	33100	37656	36900	38000	39300	39300	39000	38600	38600	39000	39000	39000	39000	39000	38600	39000	38000	38000	38000	37600	38000	38000	38000	38400	38400	38700	38400	38000	38700	38700	38400	222	0	1555200	1785600	883200	883200
1791392712	02:05:12	33100	37468	36900	38400	38200	39300	38200	39700	38600	38600	38600	38600	38600	39000	38600	38600	38000	38000	38000	38000	38000	38000	38000	37600	38000	38000	38400	37600	38400	38400	38400	222	0	1228800	1440000	883200	883200
1791392714	02:05:14	33100	37301	36900	38000	38600	38600	38200	38200	38600	38600	38200	38200	39000	39000	38200	38200	37600	38000	37200	37200	37600	37600	38000	37600	37600	38000	38000	37600	38000	38400	38000	222	0	1440000	1440000	883200	883200
1791392715	02:05:15	33200	37138	35000	37600	38200	38200	38200	38200	37800	38200	38200	38200	38200	38600	38200	38200	37200	37200	37600	37600	37200	37600	38000	37600	37600	38000	38000	37200	38000	38000	37600	222	0	1324800	1555200	883200	883200
1791392716	02:05:16	33200	36996	35000	37200	38200	38600	37800	38200	37800	38200	37800	38200	37800	39000	37800	39000	37200	37200	37200	37200	37200	37200	37600	37600	37200	37600	37600	37200	38000	37600	37600	222	0	1228800	1555200	883200	883200
1791392718	02:05:18	33200	36853	35000	37600	37800	37800	37800	38200	37400	37800	37400	37800	37800	37800	37400	37400	37200	37200	37200	36800	37200	37200	37600	37200	37200	37600	37600	36800	38000	38000	37600	222	0	1228800	1555200	883200	883200
1791392719	02:05:19	33200	36727	35000	37200	37400	38200	37400	37400	37800	38200	37800	37800	38600	38200	37800	38200	37200	37200	36800	36400	37200	36800	37200	37200	37200	37600	37600	36800	37600	37600	37600	222	0	1555200	1228800	883200	883200
1791392721	02:05:21	33200	36614	35000	37200	37800	37400	37800	38600	37400	38200	38200	38200	38600	37800	37800	37400	36800	36800	36400	36800	36800	37200	37200	37200	37200	37200	37200	36800	37200	37600	37600	222	0	1324800	1670400	883200	883200
1791392722	02:05:22	33200	36519	35000	36800	37000	37800	37800	37400	37400	37800	37800	37800	37400	37800	37400	37800	36800	36800	36400	36400	36800	36800	37200	36800	36800	37200	37200	36800	37600	37600	37200	222	0	1440000	1440000	883200	883200
1791392723	02:05:23	33200	36416	35000	37200	38200	38200	37400	37400	37400	37800	37400	37400	37800	38200	37400	37800	36800	36800	37200	36400	36800	36400	36800	36800	37200	36800	37200	36800	37200	37200	37200	222	0	1670400	1670400	883200	883200
1791392725	02:05:25	33200	36334	35000	36800	37000	37800	37000	37400	37000	37400	37400	37400	38200	37800	37800	37400	36800	36800	36400	36400	36400	36800	36800	36800	36800	37200	37200	36800	37200	37200	37600	222	0	1440000	1440000	883200	883200
1791392726	02:05:26	32900	36246	34200	36800	37400	37000	38200	37800	37000	37800	37000	37000	37800	37400	37400	37000	36400	36800	36800	36400	36400	36800	37200	36400	36400	36800	36800	36400	37200	37200	37200	222	0	1324800	1113600	883200	883200
1791392728	02:05:28	32900	36169	34200	36800	37400	38600	37400	37400	37000	37000	37000	37000	38200	38600	37800	37400	36400	36400	36400	36000	36400	36800	36800	36800	36800	36800	36800	36800	36800	37200	36800	222	0	2745600	2745600	883200	883200
1791392729	02:05:29	32900	36097	34200	45700	41300	40900	41700	41700	42800	42000	42400	42000	42000	41700	42000	41700	41100	41100	39100	39100	44200	46100	46100	45700	46500	47300	45700	47700	47700	48800	48400	1300	0	1324800	1324800	883200	883200
1791392730	02:05:30	32900	36086	34200	55800	45100	46300	45100	48200	47800	47100	47800	47800	47500	47100	50500	54000	45300	44600	41800	41800	48400	50000	50000	49600	50000	50400	48400	48800	49600	49200	49600	1300	57	3628800	3628800	883200	883200
1791392731	02:05:31	32900	36192	34200	57400	45900	46700	46300	47100	49800	49000	49400	49000	48600	48600	48600	48200	48400	48000	44200	44200	57700	60500	58900	60100	62000	60800	57700	59700	58900	59300	59300	1300	89	1324800	1324800	883200	883200
1791392733	02:05:33	32900	36527	34200	60800	48200	49400	49000	49800	52500	52100	52100	51300	50900	50500	50900	50500	51200	50800	46100	46500	60100	64300	62000	64000	64700	63600	60500	62800	62000	62000	62800	1300	92	1555200	1555200	883200	883200
1791392734	02:05:34	32900	37073	34200	62400	49400	50200	50200	50900	54000	53600	53600	52900	52100	51700	53200	52500	53100	52300	48000	48000	62000	65900	63600	64300	67400	65100	62800	64700	63600	64000	64300	1300	91	1555200	1555200	883200	883200
1791392736	02:05:36	32900	37744	39000	64000	50500	50900	50900	52900	55600	54400	54800	54400	53200	52900	53200	53200	53900	53500	48400	48800	64000	67100	65100	67100	67800	66700	63600	65100	65100	65500	65500	1300	92	1555200	1555200	883200	883200
1791392737	02:05:37	32900	38443	39000	46500	46300	46700	45500	45900	46700	46300	45900	45900	45900	45900	46300	46300	45300	45700	44900	44600	45700	45700	46100	45300	45300	45700	45700	45300	46100	46100	46100	222	92	1555200	1555200	883200	883200
1791392738	02:05:38	32900	38953	39000	43400	43200	43600	43200	42800	43200	43600	43200	43200	43600	43200	43200	43200	42600	42600	42200	41800	42600	42600	43000	42600	42200	42600	42600	42600	43000	43400	43000	222	0	1900800	1900800	883200	883200
1791392740	02:05:40	32900	39143	39000	41500	41700	42800	42400	42800	41700	41700	41700	42000	42800	43200	41700	41700	41100	41100	41100	40700	40700	40700	41500	41100	41100	41500	41500	41100	41500	41500	41800	222	0	1900800	1996800	883200	883200
1791392741	02:05:41	32900	39098	39000	40700	40900	41300	40900	40900	40900	40900	40900	41300	41300	41300	41700	41300	39900	40300	39900	39500	40300	39900	40700	40300	40300	40300	40700	40300	40700	40700	40700	222	0	1324800	1228800	883200	883200
1791392743	02:05:43	32900	38934	39000	39900	40100	42000	40500	40500	40500	40500	40500	40500	40900	41300	40500	40900	39500	39500	39500	39500	39900	39500	39900	39500	39500	39900	39900	39900	40300	40300	39900	222	0	1555200	1785600	883200	883200
1791392744	02:05:44	32900	38710	39000	39500	39700	40900	39700	40100	39700	40100	40100	39700	40100	40100	40100	40100	39100	39500	39100	39100	39100	39100	39500	39100	39500	39100	39500	39100	39500	39900	39900	222	0	1555200	1555200	883200	883200
1791392745	02:05:45	32900	38481	39000	39100	39700	39700	40500	39700	39700	40100	39700	39300	40100	41700	40500	39700	38700	39100	38700	38400	38700	38700	39100	38700	38700	39100	39100	38700	39500	39900	39100	222	0	1670400	1670400	883200	883200
1791392747	02:05:47	33400	38264	36500	38700	39300	40100	39000	39300	39300	39700	39300	39300	39300	39300	39300	39700	38700	38700	38700	38400	38700	38400	38700	38700	38700	38700	38700	38700	39100	39500	39100	222	0	1555200	1900800	883200	883200
1791392748	02:05:48	33400	38029	36500	38400	39300	39700	39000	40100	38600	39300	39000	39000	39300	39300	39300	39000	38000	38000	38000	38000	38400	38400	38400	38400	38400	38700	39100	38400	38700	39100	38400	222	0	1228800	1440000	883200	883200
1791392749	02:05:49	33400	37829	36500	38700	38200	39300	38600	38600	38600	39000	39000	38600	39300	39000	39000	39700	38000	38400	37600	38000	38400	38000	38400	38400	38000	38400	38400	38400	38700	38700	38700	222	0	998400	1324800	883200	883200
1791392751	02:05:51	33400	37653	36500	38000	38200	40100	38600	39000	38600	38600	38600	38200	39000	39000	39000	39700	38000	38000	38000	37600	38000	38000	38400	38000	38400	38400	38400	38000	38700	38400	38400	222	0	1555200	1555200	883200	883200
1791392752	02:05:52	33400	37471	36500	38000	37800	39300	38600	38200	38600	38600	38600	38200	39000	38600	38600	38600	38000	37600	37600	37200	37600	37600	38400	38000	38000	38400	38000	38000	38400	38700	38400	222	0	1113600	1440000	883200	883200
1791392754	02:05:54	33400	37314	36500	38000	38200	39300	38600	39300	38200	38200	38200	38200	39000	39700	38200	37800	37600	38000	37600	37600	37600	37600	38400	37600	37600	38000	38400	38000	38000	38000	38000	222	0	1324800	1324800	883200	883200
1791392755	02:05:55	33400	37179	36500	38000	38200	39000	38200	38200	38200	38600	38200	38200	38200	38600	38600	38200	37600	37600	37200	36800	37600	37600	37600	38000	37600	38000	38000	37200	38000	38000	37600	222	0	1228800	1228800	883200	883200
1791392756	02:05:56	33300	37041	35000	37600	37800	38200	38200	38200	37800	38200	38200	38600	39300	38600	38600	38600	37600	37600	37200	36800	37600	37200	37600	37600	37200	37600	38000	37600	38000	38000	37600	222	0	1555200	1900800	883200	883200
1791392758	02:05:58	33300	36937	35000	37600	37800	37800	37800	37800	37400	37800	37400	37800	38200	38600	38200	39000	37600	37200	37200	37200	37600	37600	37600	37600	37200	37600	37600	37200	37600	37600	37600	222	0	1785600	1440000	883200	883200
1791392759	02:05:59	33300	36816	35000	37200	38200	38600	37800	38200	37800	37800	37800	38200	38600	39300	37800	38200	36800	36800	37200	36400	37200	37200	37600	37200	37600	37600	37200	37200	37600	37600	37200	222	0	1555200	1555200	883200	883200
1791392761	02:06:01	33300	36717	35000	37600	37800	38200	38200	39000	37800	37800	38200	38200	38200	37800	38200	38600	37200	37200	36800	36800	37200	37200	37200	37200	37600	37600	37600	37200	37200	38000	37600	222	0	1440000	1440000	883200	883200
1791392762	02:06:02	33300	36627	35000	37200	37400	37800	37800	38600	37800	37400	37800	37800	37800	37800	38600	38200	36800	37200	36800	36800	37600	37200	37600	37200	37600	37600	37600	37200	38000	38000	37600	222	0	1228800	1228800	883200	883200
1791392764	02:06:04	33300	36559	35000	37600	38200	38200	38200	38200	37800	37800	37800	38200	38200	38200	37800	38200	36800	37200	37200	36800	37600	37200	37600	37200	37200	37600	37600	37200	37600	38000	37600	222	0	1785600	1900800	883200	883200
1791392765	02:06:05	33300	36509	35000	37200	37000	39000	37400	37800	37400	37800	37800	37800	38200	38200	37400	37800	37200	37200	36800	37200	37200	37200	37600	37200	37200	37600	37200	37200	37200	37600	37600	222	0	1555200	1440000	883200	883200
1791392766	02:06:06	33100	36469	34400	37200	37000	38600	37400	37800	37400	37800	37800	37400	37800	37800	38200	37400	37200	37200	36800	36400	37200	37200	37200	36800	37200	37200	37200	37200	37600	37600	37600	222	0	1440000	1440000	883200	883200
1791392768	02:06:08	33100	36395	34400	40300	43200	43600	43600	45500	42400	42400	42000	42000	43600	43600	43200	43200	39100	39100	39900	39500	38700	39100	39900	39500	40700	41800	42200	44200	44600	45700	45700	1300	77	1228800	1228800	883200	883200
1791392769	02:06:09	33100	36379	34400	45700	47100	46700	47500	48600	45900	46300	46700	46700	45500	45500	46300	46300	40700	41100	41500	41100	62400	70200	63200	70200	75200	67800	59700	57400	58100	58500	59700	1300	66	3628800	2496000	883200	883200
1791392770	02:06:10	33100	36490	34400	57000	45900	46700	46300	47100	50200	49400	49800	49000	49000	48600	48600	48600	48400	48000	44600	44600	57700	60500	58900	61600	61600	60800	57700	59700	58900	58900	59700	1300	89	1324800	1324800	883200	883200
1791392772	02:06:12	33100	36800	34400	60800	47800	49400	49000	49000	52500	52100	52100	51700	51300	50900	50900	50500	51200	50400	46100	46100	61200	63600	62000	63600	65100	63600	61600	62000	62000	62400	62800	1300	92	1440000	1440000	883200	883200
1791392773	02:06:13	33100	37325	34400	62400	49400	50200	50500	51300	54400	53600	53600	53200	52500	52100	52500	52100	52700	52300	48000	48000	62000	66700	64000	65900	66300	65100	62400	64000	64300	64000	64300	1300	91	1555200	1670400	883200	883200
1791392774	02:06:14	33100	37961	34400	64300	50500	51700	51700	52100	55200	54800	54800	54000	54000	52900	53600	53600	53900	53500	48800	48800	64000	67100	65500	66700	68600	66700	64000	65500	65100	65100	65500	1300	91	1555200	1555200	883200	883200
1791392776	02:06:16	33100	38645	34400	46900	45500	46300	45900	47100	47100	46700	46700	46700	46700	47100	46300	47500	45300	45700	44600	44600	45700	45700	46100	45300	45700	46100	46100	45300	46500	46500	46100	222	91	1670400	1555200	883200	883200
1791392777	02:06:17	33300	39133	39400	43000	43200	43600	43200	43600	43600	43600	43200	43600	44000	44800	43600	43200	43000	42600	42200	42200	42200	42200	43000	42600	42600	43000	43000	42600	43000	43000	42600	222	0	1440000	1440000	883200	883200
1791392779	02:06:19	33300	39323	39400	41500	41300	41700	42000	42000	41700	42000	42000	42000	42000	42000	41700	41700	41100	41100	40700	40700	41100	41100	41500	41500	41100	41500	41500	41100	41800	41500	41500	222	0	1670400	1228800	883200	883200
1791392780	02:06:20	33300	39280	39400	40700	40900	42000	41300	42400	41300	41300	40900	40900	42000	41700	41700	41700	40300	40300	40300	40300	40300	40300	40300	40700	40300	40700	40700	40300	41100	40700	40700	222	0	1440000	1440000	883200	883200
1791392781	02:06:21	33300	39115	39400	39900	40100	41700	40500	40500	40500	40500	40500	40500	40500	40900	40500	40100	39500	39900	39500	39500	39500	39500	39900	39900	39500	40300	39900	39900	40300	40300	39900	222	0	1440000	1555200	883200	883200
1791392783	02:06:23	33300	38882	39400	39900	39700	40500	40500	40500	40100	40100	40500	40900	40500	40500	40500	40100	39100	39500	39500	39100	39500	39100	39900	39500	39500	39900	39900	39500	40300	39900	39500	222	0	1440000	1440000	883200	883200
1791392784	02:06:24	33300	38662	39400	39500	40100	40900	39700	39700	39700	40100	39700	39300	39700	39700	39700	39700	38700	39100	38700	38400	39100	39100	39500	39100	39100	39500	39500	39100	39500	39500	39100	222	0	1113600	1555200	883200	883200
1791392785	02:06:25	33300	38435	39400	39100	39000	40900	39700	39700	39300	39700	39700	39700	40100	40100	39300	39700	38400	38700	38700	38700	39100	38700	39100	38700	38400	39100	39100	38700	39100	39500	39100	222	0	1785600	1785600	883200	883200
1791392787	02:06:27	33700	38218	36200	38700	39300	40100	39700	40900	39300	39300	39700	39700	39700	39300	39300	39300	38400	38400	38400	38400	38700	38400	38700	38400	38700	38700	39100	38700	38700	39100	38700	222	0	1113600	1555200	883200	883200
1791392788	02:06:28	33700	38024	36200	38700	39000	39000	39300	39300	39000	39300	39300	39300	39300	39300	39000	39000	38400	38700	38400	38700	38400	38000	38700	38000	38700	38700	38700	38400	38700	39100	38700	222	0	1785600	1785600	883200	883200
1791392790	02:06:30	33700	37843	36200	38400	39300	39300	39000	39000	39000	39300	38600	38600	39300	39000	39300	39300	38000	38400	38000	38000	38400	38400	38700	38400	38400	38400	38700	38000	38700	38700	38700	222	0	1555200	1670400	883200	883200
1791392791	02:06:31	33700	37672	36200	38400	39000	40100	39000	39000	38600	38600	38600	38600	39000	40900	39000	38600	38000	38000	38000	38000	38000	38000	38000	38400	38000	38000	38400	38000	38700	38700	38400	222	0	1555200	1785600	883200	883200
1791392792	02:06:32	33700	37541	36200	38700	38600	40100	39700	40500	39000	39300	39300	39000	39300	39300	39300	39000	38400	38400	38000	38000	38400	38400	38400	38000	38000	38700	38400	38700	38700	39100	38700	222	0	1555200	1555200	883200	883200
1791392794	02:06:34	33700	37434	36200	38400	39000	40500	38600	38600	38600	39000	39000	39000	39300	40500	39000	39000	38400	38400	38400	38000	38400	38400	38700	38400	38400	38700	38700	38400	38700	39100	38700	222	0	1670400	1670400	883200	883200
1791392795	02:06:35	33700	37358	36200	38700	38600	39300	38600	39000	39000	39300	39000	39000	39300	40100	39000	39000	38000	38400	38400	38000	38400	38000	38400	38400	38400	38400	38400	38400	38400	38700	38700	222	0	1228800	1555200	883200	883200
1791392797	02:06:37	33700	37283	36200	38000	39000	39300	39000	39000	39000	39300	39000	39300	40100	39700	39300	39300	38000	38000	37600	37600	38000	37600	38400	38000	38000	38400	38000	38400	38400	38400	38400	222	0	1900800	1900800	883200	883200
1791392798	02:06:38	33500	37196	35300	38000	38200	40500	39300	39700	38600	38600	39000	38600	39000	38600	38600	38600	37600	37600	37600	37600	38000	37600	38000	37600	38000	38000	38400	37600	38400	38400	38000	222	0	1440000	1440000	883200	883200
1791392799	02:06:39	33500	37114	35300	37600	37800	39300	38200	38200	38200	38600	38600	38200	38600	39000	38600	38200	37600	37600	37600	37200	37600	37600	37600	38000	37600	38000	38000	37600	38000	38000	38000	222	0	1324800	1113600	883200	883200
1791392801	02:06:41	33500	37024	35300	38000	37800	39300	38600	38600	37800	38200	38200	38200	39000	38600	38200	38200	37200	37600	37600	37200	37600	37600	37600	37600	37600	37600	38000	37200	37600	38000	37600	222	0	1670400	1670400	883200	883200
1791392802	02:06:42	33500	36940	35300	37600	38200	38600	38200	39000	38200	38200	38200	38200	38600	38200	38200	38200	37200	37600	37600	37200	37600	37200	37600	37600	37200	37600	37600	37200	38000	38000	38000	222	0	1440000	1440000	883200	883200
1791392803	02:06:43	33500	36844	35300	37600	37800	38200	37800	38600	37800	38200	38200	38200	38600	38600	37800	39000	37200	37600	37600	37200	37200	37200	37600	37200	37200	38000	37600	37600	37600	38000	38000	222	0	1785600	1785600	883200	883200
1791392805	02:06:45	33500	36764	35300	37600	38200	39000	37800	37800	37400	37800	37800	37800	38200	38200	38200	37800	37200	37200	36800	36800	37200	36800	37200	37200	37200	37600	37600	36800	37600	37600	37600	222	0	1440000	1113600	883200	883200
1791392806	02:06:46	33500	36690	35300	39900	45100	47800	45100	47100	43200	43600	43200	43600	45100	46700	44800	46700	38700	39100	42600	42600	38400	38400	39500	38700	38400	39500	39500	39900	40300	40300	39500	1300	0	2745600	2745600	883200	883200
1791392807	02:06:47	33400	36643	34700	42200	46700	52500	50200	51700	46700	47100	48200	49000	49400	48600	49400	48600	40700	41100	41100	41500	40700	40300	41100	41100	41100	41500	41800	41800	42200	41800	41800	1300	49	3628800	3628800	883200	883200
1791392809	02:06:49	33400	36701	34700	53500	45500	46300	46300	46700	48600	47800	48200	47800	47800	47500	48200	48600	45700	45700	43800	43800	53900	57700	55800	57400	58900	57000	55800	56600	56600	56600	57000	1300	90	1440000	1228800	883200	883200
1791392810	02:06:50	33400	36888	34700	59700	47500	48200	48200	48600	51700	50900	51300	50900	49800	49800	50200	51300	49600	50400	45700	46500	59300	63200	60800	62800	64000	62400	59700	62000	61200	61200	61600	1300	92	1555200	1440000	883200	883200
1791392811	02:06:51	33400	37310	34700	62000	49400	49800	50200	50900	54400	53600	53600	53200	52100	51700	52100	51700	52700	51500	47700	47700	62000	64700	63600	64300	66300	64300	62400	63200	63200	63600	64000	1300	91	1555200	1555200	883200	883200
1791392813	02:06:53	33400	37926	34700	63600	50500	51300	50900	52100	55200	54400	54800	54000	53600	52900	53600	53200	53900	53900	49200	49200	63200	66700	64300	67100	67400	66300	64000	65100	65100	65100	65500	1300	91	1440000	1440000	883200	883200
1791392814	02:06:54	33400	38585	34700	52300	49800	52100	50500	50500	51300	51300	50900	50900	50500	50500	50900	50900	50400	50400	48800	48400	50000	50000	50400	50000	50400	50800	50000	50000	50400	50400	50400	222	92	1324800	1324800	883200	883200
1791392815	02:06:55	33400	39183	34700	44900	44400	45900	45500	46300	45100	45100	45100	44800	45100	45100	44800	44800	44200	44200	43800	43400	44200	43800	44600	44200	44200	44600	44600	44200	44600	44900	44600	222	0	2112000	1785600	883200	883200
1791392817	02:06:57	33400	39547	34700	42600	42400	43600	42800	42400	42800	43200	42800	42800	42800	44400	42800	42400	42600	42200	41800	41800	41800	42200	42200	41800	41800	42200	42600	42200	42600	43000	42600	222	0	1555200	1555200	883200	883200
1791392818	02:06:58	33700	39627	38900	41800	41300	41700	42000	42000	42000	42000	42000	42000	42000	41700	42000	42000	41100	41100	41100	40700	41100	40700	41500	41100	41100	41500	41800	41100	41500	41500	41500	222	0	1900800	1900800	883200	883200
1791392820	02:07:00	33700	39506	38900	40700	41300	42400	41300	41300	41300	41300	40900	40900	41300	41300	41300	41700	40300	40300	40300	39900	40300	40300	41100	40300	40300	40700	40700	40300	41100	41100	40700	222	0	1113600	1440000	883200	883200
1791392821	02:07:01	33700	39285	38900	39900	40900	40900	40500	40500	40500	40900	40500	40900	40500	40900	40900	40500	39900	39900	39900	39500	39900	39900	40300	39900	39900	40300	40300	39900	40300	40300	40700	222	0	1670400	1670400	883200	883200
1791392822	02:07:02	33700	39060	38900	39900	39700	40500	40500	41700	40100	40100	40500	40100	40500	40900	40900	40500	39500	39500	39100	39100	39500	39900	39900	39500	39900	39900	39900	39900	40300	40300	39900	222	0	883200	1113600	883200	883200
1791392824	02:07:04	33700	38864	38900	39900	40500	41300	40100	40100	40100	40500	40100	40100	41300	41300	40100	40500	39500	39500	39500	39500	39500	39500	40300	39500	39900	39900	39900	39500	39900	40300	39900	222	0	1228800	1440000	883200	883200
1791392825	02:07:05	33700	38660	38900	39500	39300	40100	40100	39700	39700	40100	39700	40100	40100	40100	40100	40900	38700	38700	39100	38400	39100	39500	39500	39500	39100	39100	39500	39500	39500	39900	39500	222	0	1900800	1440000	883200	883200
1791392827	02:07:07	33700	38469	38900	39100	39300	40500	39300	39300	39300	39700	39300	39300	39700	40100	40100	39700	38700	39100	38700	38400	39100	39100	39500	39100	39100	39500	39100	39100	39500	39500	39500	222	0	1324800	1228800	883200	883200
1791392828	02:07:08	33900	38293	36400	39100	39300	40500	39300	39300	39300	39300	39300	39300	39700	39300	40100	39700	38400	38700	38700	38700	38700	38700	39100	39100	38700	39500	39100	38700	39100	39500	39100	222	0	1113600	1324800	883200	883200
1791392829	02:07:09	33900	38122	36400	38700	39700	39700	39300	39700	39300	39300	39300	39300	39300	39300	39300	39700	38400	38400	38400	38000	38400	38400	38700	38700	38400	39100	38700	38700	38700	39100	39100	222	0	998400	1324800	883200	883200
1791392831	02:07:11	33900	37967	36400	38700	39000	39300	38600	39000	38600	39000	39300	39300	40100	39300	39300	39300	38000	38400	38700	38400	38400	38700	39100	38400	38700	38700	38700	38700	39100	39100	38700	222	0	3628800	3628800	4512000	4512000
1791392832	02:07:12	33900	37852	36400	39500	40100	40500	40500	40100	39700	39700	40100	40100	40100	40100	40500	39700	39100	39500	38700	38700	39100	39100	39500	39100	38700	39500	39500	39100	39500	39500	39900	222	0	1555200	1555200	883200	883200
1791392833	02:07:13	33900	37774	36400	39100	39300	40500	39300	39700	39700	39300	39700	39300	39700	39700	39300	39700	38700	38700	39100	38700	38700	38700	39100	38700	38700	39500	39500	39100	39500	39500	39500	222	0	1228800	1555200	883200	883200
1791392835	02:07:15	33900	37716	36400	38700	38600	39000	39300	39000	39300	39700	39300	39300	39300	39700	39300	40500	38400	38400	38000	37600	38700	38400	39100	38400	38700	39100	38700	38400	39100	39100	39100	222	0	1228800	1555200	883200	883200
1791392836	02:07:16	33900	37662	36400	38700	39000	40500	38600	38600	39000	39300	39000	38600	39300	39700	39000	39000	38400	38700	38400	38400	38400	38000	38400	38400	38400	38700	38700	38700	39100	39100	38700	222	0	1555200	1555200	883200	883200
1791392838	02:07:18	33900	37577	35600	38400	38600	39700	39300	39000	38600	39000	38600	39000	39300	38600	39700	39300	38400	38000	38000	37600	38000	38000	38700	38400	38400	38400	38700	38400	38700	38700	38400	222	0	998400	1324800	883200	883200
1791392839	02:07:19	33800	37485	35600	38400	39000	40100	38600	38600	39000	39300	39000	38600	39000	39000	39700	39000	37600	37600	37600	37600	38000	38000	38400	37600	38000	38400	38400	37600	38400	38700	38400	222	0	1324800	1324800	883200	883200
1791392840	02:07:20	33800	37385	35600	38400	38600	39000	38600	38600	38200	38600	38600	38600	38200	38600	38600	38600	37600	37600	37200	37600	38000	38000	38000	38000	37600	38000	38400	38400	38400	38400	38400	222	0	1440000	1440000	883200	883200
1791392842	02:07:22	33800	37286	35600	38000	38600	38600	38200	38200	38200	38200	38600	38200	39700	39300	38600	38200	37600	38000	38000	37600	37600	37600	38000	38000	37600	38000	38400	38000	38000	38400	38000	222	0	1113600	1113600	883200	883200
1791392843	02:07:23	33800	37183	35600	38000	37800	39300	38600	38600	38600	38200	38200	38200	38600	38600	38200	38200	37600	37600	37600	37600	37600	37600	37600	37600	37600	38000	37600	37600	38000	38400	38000	222	0	1670400	1670400	883200	883200
1791392845	02:07:25	33800	37102	35600	38000	38600	40100	39700	39000	38600	39000	38600	39000	40100	40500	40100	42800	37600	37600	37600	37200	37600	37200	38000	38000	37200	38400	38400	38000	38000	38400	37600	222	0	3187200	3187200	883200	883200
1791392846	02:07:26	33800	37020	35600	46900	41700	41700	42000	42400	43600	43200	42800	42800	42400	42400	43200	42400	41100	41100	39900	39500	44900	46900	47300	46500	47300	48000	46500	48400	48400	50000	49600	1300	50	1555200	1228800	883200	883200
1791392847	02:07:27	33800	36970	35600	41500	55200	61000	49000	49400	47500	49000	46700	47800	53200	53600	50500	55600	41100	41500	46100	45300	39900	39900	40700	40300	40300	40700	41500	41800	41800	41500	41100	1300	50	3628800	3628800	883200	883200
1791392848	02:07:28	33600	37022	35400	41800	56300	61700	51300	55200	48200	49400	47500	48600	55200	55200	52100	51700	41800	42200	47700	47300	40300	39900	40700	39900	40300	40700	42200	42200	41800	41800	41500	1300	0	3628800	3628800	883200	883200
1791392849	02:07:29	33600	37109	35400	42200	52100	51700	53600	60200	48600	49000	50900	53200	51700	51300	59000	64800	41800	42200	43400	43400	40700	40700	41100	40700	40700	41500	43000	43000	42600	42200	41800	1300	0	3628800	3628800	883200	883200
1791392851	02:07:31	33600	37205	35400	42600	57900	64100	53600	52500	49800	50500	48600	49400	57100	56700	54000	54000	42600	43000	48400	47700	40700	40700	41500	41100	41100	41500	43000	43000	42600	42200	41800	1300	0	3628800	3628800	883200	883200
1791392852	02:07:32	33600	37354	35400	48000	54000	55600	52900	58300	53200	54400	50900	52100	59400	64800	54800	54800	46900	46900	46500	47300	45300	45700	46100	46500	46500	47700	49200	50800	50400	50400	50000	1300	0	2745600	2745600	883200	883200
1791392853	02:07:33	33600	37545	35400	60100	48600	49000	49400	50200	52500	52100	52100	51700	50900	51700	51300	51300	50800	50400	46500	46900	59700	64000	61600	63200	65500	63200	60800	62000	61600	62000	62400	1300	92	1440000	1440000	883200	883200
1791392854	02:07:34	33600	37936	35400	63200	49800	50900	50900	51700	54800	54000	54000	53600	53200	52900	54000	54000	53500	52700	48400	48400	63600	66300	64300	65500	67400	65900	63600	64000	64700	64700	65100	1300	91	1440000	1440000	883200	883200
1791392856	02:07:36	33600	38559	35400	65100	51700	52900	52500	53200	56300	55600	55600	55200	54800	54000	54400	54400	55000	54600	50000	50400	64000	68600	65900	67800	69000	67400	64300	66300	65900	65900	66700	1300	92	1440000	1555200	883200	883200
1791392857	02:07:37	33600	39246	35400	65900	52900	53600	53200	53200	56700	56000	56000	54800	55600	56300	54800	54400	56200	55400	50400	50800	56600	58100	58100	57700	58100	58100	56600	57000	57400	57700	57700	1300	88	2745600	2745600	883200	883200
