4507-16021-0047	4507-16021-0047.wav
1995-1836-0004	1995-1836-0004.wav
7021-79730-0003	7021-79730-0003.wav
908-157963-0007	908-157963-0007.wav
2094-142345-0008	2094-142345-0008.wav
4507-16021-0026	4507-16021-0026.wav
672-122797-0008	672-122797-0008.wav
2094-142345-0010	2094-142345-0010.wav
121-123859-0002	121-123859-0002.wav
4970-29093-0006	4970-29093-0006.wav
5105-28241-0015	5105-28241-0015.wav
3729-6852-0033	3729-6852-0033.wav
5639-40744-0031	5639-40744-0031.wav
8224-274381-0009	8224-274381-0009.wav
4992-41797-0001	4992-41797-0001.wav
3575-170457-0036	3575-170457-0036.wav
4507-16021-0032	4507-16021-0032.wav
8224-274381-0016	8224-274381-0016.wav
2961-960-0000	2961-960-0000.wav
5639-40744-0003	5639-40744-0003.wav
8224-274381-0005	8224-274381-0005.wav
5105-28233-0007	5105-28233-0007.wav
4077-13751-0018	4077-13751-0018.wav
2961-961-0022	2961-961-0022.wav
2300-131720-0028	2300-131720-0028.wav
3575-170457-0046	3575-170457-0046.wav
2300-131720-0035	2300-131720-0035.wav
5142-36377-0014	5142-36377-0014.wav
121-123859-0001	121-123859-0001.wav
3570-5696-0003	3570-5696-0003.wav
1221-135767-0000	1221-135767-0000.wav
8224-274381-0002	8224-274381-0002.wav
8230-279154-0043	8230-279154-0043.wav
7021-79759-0004	7021-79759-0004.wav
1995-1836-0010	1995-1836-0010.wav
3729-6852-0008	3729-6852-0008.wav
3729-6852-0006	3729-6852-0006.wav
1188-133604-0023	1188-133604-0023.wav
121-123852-0003	121-123852-0003.wav
1284-134647-0005	1284-134647-0005.wav
6930-75918-0003	6930-75918-0003.wav
5639-40744-0027	5639-40744-0027.wav
1188-133604-0009	1188-133604-0009.wav
7127-75947-0009	7127-75947-0009.wav
2094-142345-0000	2094-142345-0000.wav
4507-16021-0020	4507-16021-0020.wav
8230-279154-0038	8230-279154-0038.wav
8224-274381-0001	8224-274381-0001.wav
8224-274384-0011	8224-274384-0011.wav
5639-40744-0030	5639-40744-0030.wav
4077-13754-0015	4077-13754-0015.wav
4970-29093-0005	4970-29093-0005.wav
4077-13754-0012	4077-13754-0012.wav
8230-279154-0025	8230-279154-0025.wav
4992-23283-0012	4992-23283-0012.wav
5683-32865-0012	5683-32865-0012.wav
8463-287645-0007	8463-287645-0007.wav
3729-6852-0003	3729-6852-0003.wav
908-31957-0015	908-31957-0015.wav
908-157963-0019	908-157963-0019.wav
1221-135766-0011	1221-135766-0011.wav
8224-274381-0004	8224-274381-0004.wav
260-123288-0015	260-123288-0015.wav
8463-294825-0007	8463-294825-0007.wav
5105-28241-0001	5105-28241-0001.wav
8224-274381-0008	8224-274381-0008.wav
1188-133604-0034	1188-133604-0034.wav
2961-960-0011	2961-960-0011.wav
5683-32866-0019	5683-32866-0019.wav
8555-292519-0001	8555-292519-0001.wav
1188-133604-0008	1188-133604-0008.wav
3729-6852-0035	3729-6852-0035.wav
8224-274384-0004	8224-274384-0004.wav
1221-135767-0006	1221-135767-0006.wav
908-31957-0025	908-31957-0025.wav
8230-279154-0037	8230-279154-0037.wav
2961-960-0010	2961-960-0010.wav
3729-6852-0045	3729-6852-0045.wav
7729-102255-0011	7729-102255-0011.wav
8224-274384-0001	8224-274384-0001.wav
7729-102255-0032	7729-102255-0032.wav
2094-142345-0038	2094-142345-0038.wav
5142-36600-0001	5142-36600-0001.wav
7729-102255-0004	7729-102255-0004.wav
7127-75946-0026	7127-75946-0026.wav
1284-134647-0003	1284-134647-0003.wav
1188-133604-0026	1188-133604-0026.wav
1089-134691-0009	1089-134691-0009.wav
3570-5695-0005	3570-5695-0005.wav
2300-131720-0016	2300-131720-0016.wav
1089-134691-0011	1089-134691-0011.wav
8463-294825-0009	8463-294825-0009.wav
2961-961-0002	2961-961-0002.wav
908-157963-0008	908-157963-0008.wav
7729-102255-0046	7729-102255-0046.wav
2300-131720-0017	2300-131720-0017.wav
4077-13754-0008	4077-13754-0008.wav
2300-131720-0004	2300-131720-0004.wav
8224-274381-0012	8224-274381-0012.wav
4970-29095-0021	4970-29095-0021.wav
7729-102255-0003	7729-102255-0003.wav
8555-284447-0015	8555-284447-0015.wav
4077-13751-0021	4077-13751-0021.wav
4077-13751-0005	4077-13751-0005.wav
7127-75946-0000	7127-75946-0000.wav
1221-135767-0004	1221-135767-0004.wav
7729-102255-0008	7729-102255-0008.wav
3570-5694-0003	3570-5694-0003.wav
1188-133604-0028	1188-133604-0028.wav
672-122797-0022	672-122797-0022.wav
3575-170457-0043	3575-170457-0043.wav
3729-6852-0034	3729-6852-0034.wav
5142-36377-0021	5142-36377-0021.wav
8230-279154-0042	8230-279154-0042.wav
8224-274384-0012	8224-274384-0012.wav
1221-135767-0003	1221-135767-0003.wav
7729-102255-0009	7729-102255-0009.wav
1188-133604-0044	1188-133604-0044.wav
3729-6852-0005	3729-6852-0005.wav
1320-122617-0007	1320-122617-0007.wav
7021-79740-0008	7021-79740-0008.wav
3729-6852-0009	3729-6852-0009.wav
1320-122617-0035	1320-122617-0035.wav
8230-279154-0019	8230-279154-0019.wav
8455-210777-0001	8455-210777-0001.wav
3729-6852-0017	3729-6852-0017.wav
7127-75947-0000	7127-75947-0000.wav
8555-292519-0009	8555-292519-0009.wav
1188-133604-0002	1188-133604-0002.wav
7021-79730-0004	7021-79730-0004.wav
8224-274381-0014	8224-274381-0014.wav
4077-13754-0005	4077-13754-0005.wav
8224-274381-0017	8224-274381-0017.wav
4077-13754-0002	4077-13754-0002.wav
4992-41806-0002	4992-41806-0002.wav
8224-274381-0000	8224-274381-0000.wav
121-123852-0000	121-123852-0000.wav
8463-294825-0013	8463-294825-0013.wav
2300-131720-0033	2300-131720-0033.wav
2300-131720-0026	2300-131720-0026.wav
5105-28240-0023	5105-28240-0023.wav
5639-40744-0035	5639-40744-0035.wav
6930-81414-0001	6930-81414-0001.wav
5639-40744-0032	5639-40744-0032.wav
5105-28241-0004	5105-28241-0004.wav
121-123859-0000	121-123859-0000.wav
8230-279154-0001	8230-279154-0001.wav
2961-960-0003	2961-960-0003.wav
121-123852-0002	121-123852-0002.wav
4507-16021-0016	4507-16021-0016.wav
4077-13751-0007	4077-13751-0007.wav
5639-40744-0041	5639-40744-0041.wav
7729-102255-0044	7729-102255-0044.wav
7729-102255-0006	7729-102255-0006.wav
8224-274381-0006	8224-274381-0006.wav
1995-1837-0023	1995-1837-0023.wav
8230-279154-0009	8230-279154-0009.wav
6930-75918-0014	6930-75918-0014.wav
1089-134686-0020	1089-134686-0020.wav
2300-131720-0003	2300-131720-0003.wav
3575-170457-0026	3575-170457-0026.wav
3570-5696-0001	3570-5696-0001.wav
4077-13751-0003	4077-13751-0003.wav
1221-135767-0017	1221-135767-0017.wav
1221-135766-0001	1221-135766-0001.wav
8230-279154-0040	8230-279154-0040.wav
4077-13751-0004	4077-13751-0004.wav
7021-85628-0007	7021-85628-0007.wav
1221-135766-0005	1221-135766-0005.wav
1188-133604-0016	1188-133604-0016.wav
2300-131720-0031	2300-131720-0031.wav
7176-88083-0001	7176-88083-0001.wav
2830-3980-0073	2830-3980-0073.wav
8555-284449-0011	8555-284449-0011.wav
1221-135767-0011	1221-135767-0011.wav
8230-279154-0002	8230-279154-0002.wav
3729-6852-0004	3729-6852-0004.wav
7176-92135-0012	7176-92135-0012.wav
8455-210777-0022	8455-210777-0022.wav
1089-134691-0013	1089-134691-0013.wav
121-123852-0004	121-123852-0004.wav
6829-68771-0007	6829-68771-0007.wav
1221-135767-0023	1221-135767-0023.wav
2094-142345-0011	2094-142345-0011.wav
8455-210777-0016	8455-210777-0016.wav
1284-1180-0030	1284-1180-0030.wav
1221-135766-0012	1221-135766-0012.wav
2094-142345-0012	2094-142345-0012.wav
2830-3979-0001	2830-3979-0001.wav
2094-142345-0030	2094-142345-0030.wav
1221-135767-0002	1221-135767-0002.wav
1188-133604-0015	1188-133604-0015.wav
7127-75946-0028	7127-75946-0028.wav
5105-28240-0001	5105-28240-0001.wav
121-127105-0025	121-127105-0025.wav
260-123288-0026	260-123288-0026.wav
7176-92135-0014	7176-92135-0014.wav
1320-122617-0028	1320-122617-0028.wav
8463-287645-0005	8463-287645-0005.wav
8230-279154-0007	8230-279154-0007.wav
2300-131720-0011	2300-131720-0011.wav
2961-960-0021	2961-960-0021.wav
5639-40744-0000	5639-40744-0000.wav
4992-41806-0016	4992-41806-0016.wav
7176-92135-0025	7176-92135-0025.wav
2961-960-0006	2961-960-0006.wav
1089-134686-0018	1089-134686-0018.wav
8455-210777-0061	8455-210777-0061.wav
2094-142345-0002	2094-142345-0002.wav
2961-960-0008	2961-960-0008.wav
1995-1826-0026	1995-1826-0026.wav
5142-36377-0008	5142-36377-0008.wav
4507-16021-0039	4507-16021-0039.wav
5639-40744-0018	5639-40744-0018.wav
4970-29093-0003	4970-29093-0003.wav
2961-960-0002	2961-960-0002.wav
672-122797-0042	672-122797-0042.wav
7021-85628-0003	7021-85628-0003.wav
2300-131720-0025	2300-131720-0025.wav
672-122797-0064	672-122797-0064.wav
1221-135767-0016	1221-135767-0016.wav
1188-133604-0024	1188-133604-0024.wav
4992-41806-0014	4992-41806-0014.wav
8230-279154-0010	8230-279154-0010.wav
1188-133604-0011	1188-133604-0011.wav
4507-16021-0010	4507-16021-0010.wav
3729-6852-0042	3729-6852-0042.wav
672-122797-0001	672-122797-0001.wav
7729-102255-0017	7729-102255-0017.wav
1284-134647-0002	1284-134647-0002.wav
8455-210777-0036	8455-210777-0036.wav
7729-102255-0026	7729-102255-0026.wav
1221-135766-0010	1221-135766-0010.wav
4970-29095-0031	4970-29095-0031.wav
1089-134691-0012	1089-134691-0012.wav
5683-32866-0010	5683-32866-0010.wav
1284-1180-0019	1284-1180-0019.wav
2094-142345-0015	2094-142345-0015.wav
7176-88083-0013	7176-88083-0013.wav
7729-102255-0015	7729-102255-0015.wav
1089-134691-0008	1089-134691-0008.wav
8463-294828-0035	8463-294828-0035.wav
8230-279154-0041	8230-279154-0041.wav
8555-292519-0000	8555-292519-0000.wav
2300-131720-0019	2300-131720-0019.wav
5105-28233-0003	5105-28233-0003.wav
4970-29095-0007	4970-29095-0007.wav
4507-16021-0030	4507-16021-0030.wav
3570-5695-0012	3570-5695-0012.wav
908-31957-0004	908-31957-0004.wav
260-123440-0002	260-123440-0002.wav
3570-5695-0001	3570-5695-0001.wav
2094-142345-0003	2094-142345-0003.wav
2830-3979-0007	2830-3979-0007.wav
4970-29095-0028	4970-29095-0028.wav
1188-133604-0012	1188-133604-0012.wav
2300-131720-0001	2300-131720-0001.wav
8224-274384-0010	8224-274384-0010.wav
260-123288-0024	260-123288-0024.wav
5105-28233-0009	5105-28233-0009.wav
5683-32879-0017	5683-32879-0017.wav
8555-292519-0003	8555-292519-0003.wav
8230-279154-0013	8230-279154-0013.wav
4077-13751-0016	4077-13751-0016.wav
8230-279154-0034	8230-279154-0034.wav
1188-133604-0037	1188-133604-0037.wav
3570-5694-0006	3570-5694-0006.wav
5639-40744-0026	5639-40744-0026.wav
4507-16021-0021	4507-16021-0021.wav
908-157963-0015	908-157963-0015.wav
121-127105-0024	121-127105-0024.wav
7176-92135-0000	7176-92135-0000.wav
3575-170457-0015	3575-170457-0015.wav
2094-142345-0009	2094-142345-0009.wav
6930-75918-0020	6930-75918-0020.wav
1221-135767-0022	1221-135767-0022.wav
5639-40744-0039	5639-40744-0039.wav
4992-41806-0000	4992-41806-0000.wav
121-127105-0020	121-127105-0020.wav
4992-23283-0017	4992-23283-0017.wav
4507-16021-0031	4507-16021-0031.wav
7176-88083-0007	7176-88083-0007.wav
4970-29093-0010	4970-29093-0010.wav
2094-142345-0013	2094-142345-0013.wav
1188-133604-0007	1188-133604-0007.wav
6930-75918-0001	6930-75918-0001.wav
3575-170457-0037	3575-170457-0037.wav
7021-79740-0014	7021-79740-0014.wav
1284-134647-0007	1284-134647-0007.wav
3570-5694-0016	3570-5694-0016.wav
121-127105-0035	121-127105-0035.wav
4077-13754-0011	4077-13754-0011.wav
908-31957-0022	908-31957-0022.wav
8230-279154-0004	8230-279154-0004.wav
1320-122617-0001	1320-122617-0001.wav
3570-5694-0020	3570-5694-0020.wav
1188-133604-0021	1188-133604-0021.wav
3575-170457-0041	3575-170457-0041.wav
908-157963-0004	908-157963-0004.wav
8455-210777-0051	8455-210777-0051.wav
