model	launch	try	utc_start	utc_end	rc	native_ok	thermal_initial	thermal_final	decode_tok_s	prefill_tok_s	ttft_ms	init_s	wall_s	peak_mb	prefill_tokens	decode_tokens	context_tokens	invalid_decode	fatal	verdict	cache_written	console
Qwen3-0_6B	1	1	2026-10-06T20:12:13Z	2026-10-06T20:12:17Z	0	1	nominal	nominal	128.98	1762.75	588.7	2.24	3.649	640	1024	256	2048	0	0	accepted		console_litert-lm_litert-community_Qwen3-0_6B_native-benchmark-1024x256_ctx2048.txt
Qwen3-0_6B	2	1	2026-10-06T20:13:58Z	2026-10-06T20:14:02Z	0	1	nominal	nominal	141.29	1766.60	586.7	1.57	3.146	640	1024	256	2048	0	0	accepted		console_litert-lm_litert-community_Qwen3-0_6B_native-benchmark-1024x256_ctx2048.txt
Qwen3-0_6B	3	1	2026-10-06T20:15:43Z	2026-10-06T20:15:47Z	0	1	nominal	nominal	141.37	1768.50	586.1	1.57	3.140	640	1024	256	2048	0	0	accepted		console_litert-lm_litert-community_Qwen3-0_6B_native-benchmark-1024x256_ctx2048.txt
Qwen3-0_6B	4	1	2026-10-06T20:17:28Z	2026-10-06T20:17:32Z	0	1	nominal	nominal	141.39	1766.67	586.7	1.61	3.161	640	1024	256	2048	0	0	accepted		console_litert-lm_litert-community_Qwen3-0_6B_native-benchmark-1024x256_ctx2048.txt
Qwen3-1_7B	1	1	2026-10-06T20:19:13Z	2026-10-06T20:19:25Z	0	1	nominal	nominal	66.75	693.13	1492.3	10.14	10.588	1051	1024	256	2048	0	0	accepted	weight_cache.bin	console_litert-lm_litert-community_Qwen3-1_7B_native-benchmark-1024x256_ctx2048.txt
Qwen3-1_7B	2	1	2026-10-06T20:21:06Z	2026-10-06T20:21:14Z	0	1	nominal	nominal	70.49	698.37	1480.5	3.26	6.924	1146	1024	256	2048	0	0	accepted		console_litert-lm_litert-community_Qwen3-1_7B_native-benchmark-1024x256_ctx2048.txt
Qwen3-1_7B	3	1	2026-10-06T20:22:54Z	2026-10-06T20:23:03Z	0	1	nominal	nominal	70.51	697.73	1481.8	3.19	6.923	1146	1024	256	2048	0	0	accepted		console_litert-lm_litert-community_Qwen3-1_7B_native-benchmark-1024x256_ctx2048.txt
Qwen3-1_7B	4	1	2026-10-06T20:24:43Z	2026-10-06T20:24:51Z	0	1	nominal	nominal	70.55	697.62	1482.0	3.20	6.888	1146	1024	256	2048	0	0	accepted		console_litert-lm_litert-community_Qwen3-1_7B_native-benchmark-1024x256_ctx2048.txt
gemma-4-E2B-it-litert-lm	1	1	2026-10-06T20:29:55Z	2026-10-06T20:30:01Z	0	1	nominal	nominal	79.88	1636.74	638.2	2.72	5.499	794	1024	256	2048	0	0	accepted		console_litert-lm_litert-community_gemma-4-E2B-it-litert-lm_native-benchmark-1024x256_ctx2048.txt
gemma-4-E2B-it-litert-lm	2	1	2026-10-06T20:35:01Z	2026-10-06T20:35:08Z	0	1	nominal	nominal	79.93	1673.39	624.4	1.59	4.886	801	1024	256	2048	0	0	accepted		console_litert-lm_litert-community_gemma-4-E2B-it-litert-lm_native-benchmark-1024x256_ctx2048.txt
gemma-4-E2B-it-litert-lm	3	1	2026-10-06T20:40:08Z	2026-10-06T20:40:15Z	0	1	nominal	nominal	79.67	1670.91	625.4	1.56	4.902	801	1024	256	2048	0	0	accepted		console_litert-lm_litert-community_gemma-4-E2B-it-litert-lm_native-benchmark-1024x256_ctx2048.txt
gemma-4-E2B-it-litert-lm	4	1	2026-10-06T20:45:15Z	2026-10-06T20:45:21Z	0	1	nominal	nominal	79.87	1672.93	624.6	1.57	4.837	803	1024	256	2048	0	0	accepted		console_litert-lm_litert-community_gemma-4-E2B-it-litert-lm_native-benchmark-1024x256_ctx2048.txt
Qwen3-4B	1	1	2026-10-06T20:50:24Z	2026-10-06T20:50:46Z	0	1	nominal	nominal	34.17	245.44	4201.4	18.42	21.085	2099	1024	256	2048	0	0	accepted	weight_cache.bin	console_litert-lm_litert-community_Qwen3-4B_native-benchmark-1024x256_ctx2048.txt
Qwen3-4B	2	1	2026-10-06T20:55:46Z	2026-10-06T20:56:03Z	0	1	nominal	nominal	34.45	245.94	4192.7	6.35	14.982	1349	1024	256	2048	0	0	accepted		console_litert-lm_litert-community_Qwen3-4B_native-benchmark-1024x256_ctx2048.txt
Qwen3-4B	3	1	2026-10-06T21:01:03Z	2026-10-06T21:01:20Z	0	1	nominal	nominal	34.44	246.10	4189.9	6.47	15.039	1335	1024	256	2048	0	0	accepted		console_litert-lm_litert-community_Qwen3-4B_native-benchmark-1024x256_ctx2048.txt
Qwen3-4B	4	1	2026-10-06T21:06:20Z	2026-10-06T21:06:36Z	0	1	nominal	nominal	34.44	245.06	4207.5	6.36	15.012	1369	1024	256	2048	0	0	accepted		console_litert-lm_litert-community_Qwen3-4B_native-benchmark-1024x256_ctx2048.txt
gemma-4-E4B-it-litert-lm	1	1	2026-10-06T21:11:42Z	2026-10-06T21:11:56Z	0	1	nominal	nominal	34.30	444.13	2334.8	4.83	12.449	972	1024	256	2048	0	0	accepted		console_litert-lm_litert-community_gemma-4-E4B-it-litert-lm_native-benchmark-1024x256_ctx2048.txt
gemma-4-E4B-it-litert-lm	2	1	2026-10-06T21:16:56Z	2026-10-06T21:17:09Z	0	1	nominal	nominal	34.25	447.27	2318.6	2.13	11.088	987	1024	256	2048	0	0	accepted		console_litert-lm_litert-community_gemma-4-E4B-it-litert-lm_native-benchmark-1024x256_ctx2048.txt
gemma-4-E4B-it-litert-lm	3	1	2026-10-06T21:22:09Z	2026-10-06T21:22:22Z	0	1	nominal	nominal	34.26	447.50	2317.4	2.11	11.137	986	1024	256	2048	0	0	accepted		console_litert-lm_litert-community_gemma-4-E4B-it-litert-lm_native-benchmark-1024x256_ctx2048.txt
gemma-4-E4B-it-litert-lm	4	1	2026-10-06T21:27:23Z	2026-10-06T21:27:35Z	0	1	nominal	nominal	34.24	447.69	2316.5	2.49	11.255	986	1024	256	2048	0	0	accepted		console_litert-lm_litert-community_gemma-4-E4B-it-litert-lm_native-benchmark-1024x256_ctx2048.txt
